,01/Jul/2021,02/Jul/2021,03/Jul/2021,04/Jul/2021,avg
0x53ffa1fc6ef26b7ea45bc9a20b9aeb40ff5f1b02,419.7561519,419.79990977741346,420.85333552703696,420.85333552703696,420.31568318287185
0x16ec7d5e6bc5badf4a2cb65299e9839edc0d2849,15.18771470047874,15.189297958175013,15.227413253617382,15.227413253617382,15.207959791472131
0x4df94263ff1f09e5e0364524adb3fa19fe5e1832,24.41715508274847,24.419700472194364,24.48097809678734,24.48097809678734,24.449702937129377
0x057d201f6088234ceb50288eaed22c1b384c1163,360.288716119615,360.3262747578912,361.2304602216212,361.2304602216212,360.7689778301871
0x532c49c40db1d5c655776c4815c133a3d7851cb6,240.22728856794683,240.25233128905273,240.85520896075394,240.85520896075394,240.54750944462688
0xea64cbef1a135a59263e40cacf72ee9275342ebf,0.0037618018263020727,0.0037621939788945336,0.0037716346479374297,0.0037716346479374297,0.003766816275267866
0xd6ac395afb603ee7f952aaf340c37c63f2988a4a,36.985372293707606,36.98922786885426,37.082046862351426,37.082046862351426,37.034673471816184
0x3e95fef1176acf5e5d2ef67d9c856e4ecac73e1f,1404.655456630612,1404.8018862683934,1408.3270287128012,1408.3270287128012,1406.5278500811519
0xbaa84e6a9e66fa0846931c6bf79e8c2763b50b9d,2160.122112700408,2160.3472966749077,2165.768368517571,2165.768368517571,2163.001536602614
0x0309c98b1bffa350bcb3f9fb9780970ca32a5060,105991.80522306824,106002.85443913995,106268.85291555457,104669.08169455927,105733.14856808049
0xd43d7f0f4d21ab8c071c75b285b29ae182c6f259,150.0111674732738,150.02680552943383,150.40327559623844,150.40327559623844,150.21113104879615
0x0356a9f78a521f4456f255d848624d90a5b91fec,638.7359105828151,638.8024962124679,640.4054765437185,640.4054765437185,639.58733997068
0x26f2033ddb69a4bf29274c6c47834880d8b991c6,122.25844961000001,122.27119455781454,122.57801602629156,122.57801602629156,122.42141905509942
0xedcee2394aef95bd7567aac09a3223890708c578,30.848510279999996,30.85172611215662,30.929143953251707,30.929143953251707,30.889631074665008
0x68eb6d12c5ed8b2e430695108120b2d7fe14539c,403.500444519901,403.5425078057103,404.5551380109326,404.5551380109326,404.0383070868691
0xb8ac6d92ea82aabe72b4353efb8b17123298ab04,5.815229779292293,5.815835993425575,5.830429973196342,5.830429973196342,5.822981429777638
0x8ca9a65056b6d2822697edfa6d701f78818f2fcf,509.96251594788447,510.0156774731112,511.2954863412139,511.2954863412139,510.6422915258559
0xf0a3b6daac28a0fce094f2cf264e040373d86f3f,2216.5487798599956,2216.7798460858294,2222.342527060086,2222.342527060086,2219.503420016499
0x3366d0d737ee9e50aee7c5c70cbb5559d55960cf,998.2699841679314,998.3740497674347,1000.8793217012438,1000.8793217012438,999.6006693344635
0xb63a90e0dcfc1ee94c7b2dd827b1c7f68dfbac89,15.236305000000002,15.237893323038044,15.276130561357167,15.276130561357167,15.256614861438095
0xd2f65ebd7504f719c27c24141467ec30b3e0f578,769.6222487746825,769.7024787745625,771.6339332408583,771.6339332408583,770.6481485077404
0x93a62da5a14c80f265dabc077fcee437b1a0efde,373.6537862735737,642.1996623901491,643.8111674071941,643.8111674071941,575.8689458695278
0xe031112902b44c10c742d965d04f64720e7af983,16.5,16.501720058119588,16.543128682603378,16.543128682603378,16.521994355831588
0x865281fba7f14511d77674a02c2f01c019d19826,1272.9654898891458,1273.0981913816813,1276.2928428939024,1276.2928428939024,1274.6623417646579
0xf90762d41a74212cdfb11011234e9b44bc090991,35.70489644898354,35.708618539713605,35.79822403360989,35.79822403360989,35.75249076397923
0xaa27a46998efc1b27b25cd1fb5b88d3b45bc873d,10.37717873159352,10.378260510413863,10.404303219341001,10.404303219341001,10.391011420172347
0x18d42f5cd0ecd33b915a12034daa44ad38d1edd3,156.14029459233166,156.15657158515035,156.54842339276018,156.54842339276018,156.3484282407506
0x56584ee28735e10b381275b913b934ed656b0e28,53.39951899,53.405085673407314,53.53909783276925,53.53909783276925,53.47070008223645
0xa284ea907e102dc60d7ab9fab58fa046565b436d,61.50157844069279,61.507989730957284,61.66233492894584,61.66233492894584,61.58355950738543
0x273061aa9b9ddddce5b7c2d1eb7237611d558d4f,699.1385153104881,699.2113976668502,700.9659651967075,820.0702924041218,729.8465426445418
0x0291eb432cb4a2613a7415018933e3db45bcd769,0.0,0.0,0.0,2068.3507971413824,517.0876992853456
0x28d84eae0bb568cf9715348a19f6eed1aa19f3f4,79.84194377597522,79.85026697498586,80.05063940334193,80.05063940334193,79.94837238941123
0x429c8a65f4858ab2e6dc7112e88f0c0796a42692,141.7430419197915,141.75781805737628,142.11353832380337,142.11353832380337,141.93198415619364
0xa95906eafdd96fa6bc07f18941c98e18f5f61cbb,36726.26076166039,36730.08932548009,36822.258049151205,36822.258049151205,36775.21654636072
0x8aa7f7707c9b2d5cadb629d6d12216e68b9a18c9,1490.0497928036261,1490.2051244548202,1493.9445736870841,1493.9445736870841,1492.0360161581536
0xa2d638ada840080de73971e49a52eaf00ce18474,447.02800844911434,447.07460930703047,448.19647687888533,448.19647687888533,447.62389287847884
0xa2e11fa386c698e525185ef211472555cdf006c3,3765.703499516273,3766.096058842352,3775.546519577428,3775.546519577428,3770.7231493783706
0x239909273e9283603957fc62c4fea578bbd6337e,204.0632977353177,204.08457050696492,204.5966905352586,204.5966905352586,204.33531232819996
0x005b0743d8b2ed646499dc48b64b95e71b8afa43,344.1083105339318,344.1441824305106,345.00776132824706,345.00776132824706,344.56700390523406
0x67f118166ba2745656f99ea58d62c002c26cca18,42.38773494662115,42.39215369617665,42.498530532487145,42.498530532487145,42.44423742694302
0xac37afacb4a86d6548d734a49eaa085af8b9a475,0.0,0.0,0.0,15.314032139075096,3.828508034768774
0x9c355cfe715cb252e5f41b481842ad6923e07e3c,400.11650625546207,400.15821677942364,401.16235460713864,401.16235460713864,400.6498580622908
0xb7d4b6676dd564420f3d64360b9c5bde4961bd02,1132.527540957244,1132.6456023628486,1135.4878088877606,1135.4878088877606,1134.0371902739034
0x874753a791b969eca00128ec231c1b7abf17666b,102386.34416592254,42390.76277049478,42497.13611648312,42497.13611648312,57442.84479234589
0xbe79ade774a6869f1fa5baf96cc9427642219288,70.3346509440196,70.34198304628896,70.51849584320651,70.51849584320651,70.42840641918039
0xb827c34ba56ab2756053e6871b3d4d816e776488,97.25716629538952,97.26730496075766,97.51138286848392,97.51138286848392,97.38680924827875
0x8e83fab54c595ee085111ae498c8bbca8c8b2c92,702.595203250104,702.6684459521726,704.4316884331118,704.4316884331118,703.5317565171251
0x0ea0696fc88e4d890b19448f6f0cf74d757c3be0,1657.7273496297335,1657.900160986569,1662.0604160967105,1662.0604160967105,1659.937085702431
0x9dba21249d1ccf9e64b974c1bfdaa172329f9140,0.0,0.0,0.0,75.0,18.75
0xed9ca75f828747fe3da57f05b89665df6b1b54fe,77.96684457369918,77.97497230121841,78.1706389551056,78.1706389551056,78.0707736962822
0x1e225a3f2626ec52bc5bc3c27f36a1a9f28e84f4,729.0705854662899,729.1465881196405,730.976273579989,730.976273579989,730.0424301864771
0x9131842aa84a747e19cc8b8f4e2eb8f6d03d9a3b,177.195020719548,177.21349258222307,177.658183616973,177.658183616973,177.4312201339293
0x979fcea53d94f845131a293a21031dedfaacb166,289.65867501,289.6888707527794,290.4158021044134,290.4158021044134,290.04478749290155
0x5bf342ff3930061ccfd698ed1fbb7c0698b9468e,55.64809868120422,55.65389976993004,55.79355499547713,55.79355499547713,55.722277110522136
0x2ead300eab9e407aa5e96766b2bc69d871d7f790,83.01149765251813,83.02015126467306,83.22847804855974,83.22847804855974,83.12215125357767
0xbb6945156984e41eb78f3b0459029adc6b0ad739,333.35481635910895,333.38956724750784,334.226159029961,334.226159029961,333.79917541663474
0xac3f58f6d2d44cccb066e86c04da13f8d9dc4dca,12.5168354147779,12.518140244134672,12.549552664584123,12.549552664584123,12.533520247020206
0x532c0644c0db66fb3ee00f968acaded962a8c5a5,8.000595598574602,8.00142962823647,8.021508031799382,8.021508031799382,8.011260322602459
0x125fd6ed0083fb19a11079d0711f09b56e198785,14.621811674323974,14.623335938923578,14.660031036432354,14.660031036432354,14.641302421528067
0x8086a614a4b3d8af3072d28cdd9f5818a444ffda,60.153812307214096,60.16008309832216,60.31104592408567,60.31104592408567,60.2339968134269
0xb8d865d9c168d7e6eb28becebdd33447d0fe5e42,57.85141324213782,57.85744401747581,58.002628711221284,58.002628711221284,57.928528670514055
0xb51b1a85c3b142dc7f0a1c8f4f1c22b137ced74b,781.87049778584,781.9520046160328,783.9141974546856,783.9141974546856,782.912724327811
0xdbc529316fe45f5ce50528bf2356211051fb0f71,99.80735420339201,99.81775871551272,100.06823660950843,100.06823660950843,99.94039653448039
0x229e63b972f476b75987b03b3dc96be5dd0cf80b,500.3850088602519,500.43717196918584,501.69294499519873,501.69294499519873,501.0520177049588
0x12ffd3da051feafe38d5420bf08ef112f1dfc7c2,86.00812581662338,86.01709181511801,86.23293897781468,86.23293897781468,86.12277389684269
0xe53677c40a97412302eb9776732ca4999ced3b2b,90.88198027465542,90.89145435272181,91.11953300687554,91.11953300687554,91.00312516028208
0xe26e1d239d27e1fe8c7a150c5c266b347a7a6e7c,85.49046440686068,85.4993764412516,85.71392447383151,85.71392447383151,85.60442244894384
0x979be03f5483ee74bcb926c8147e9d74a15afed7,997.047721101655,997.1516592851881,999.6538638109771,999.6538638109771,998.3767770021993
0x81cd5bd5e39da28640992fa64fb01d6316d5799c,171.97705540797384,171.99498331891547,172.4265792769286,172.4265792769286,172.20629932018662
0x6b7e08bf80f627bccde43087ca6d434245b2b5cd,722.0537527713577,722.1290239483415,723.9410998698943,723.9410998698943,723.0162441148718
0xa0766fd5ecd0f472de2a77f9048653724fe2780f,2565.627234638697,2565.894690878501,2572.3334238921097,2572.3334238921097,2569.0471933253543
0x5d9f07ba37d1fe962fc2a08e9a66abe5134e87f4,0.00022930345202710892,0.0002293273559825337,0.00022990281904543232,0.00022990281904543232,0.0002296091115251268
0x99a3cee993ca4f72c760927fc51e644279c7ae4c,192.05766721410714,192.07768844743566,192.55967898203576,192.55967898203576,192.31367840640357
0x7eb3f70325bad9f4e6f0b43a076ea1fd1fd469db,168.09331054664588,168.11083359292792,168.53268285199843,168.53268285199843,168.31737746089266
0xd2c92bd9502f6905e5d78f0d267b6d8f0016625d,921.3564816973217,921.4525293759507,923.7647781375452,923.7647781375452,922.5846418370908
0xcbde1916b44b8b0e07c6659ed217f3b191f39805,14.113184625860384,14.114655868151834,14.150074508299875,14.150074508299875,14.131997377652992
0xa92eb301ee131fa201e8dbea3a647212fa80cc6b,3.7437043173704248,3.744094583370935,3.753489834659198,3.753489834659198,3.7486946425149394
0x4a4f0bf61a08e379d23031f6f7ff8271eb7ccee3,0.0,0.0,0.0,237.2481753175124,59.3120438293781
0x3e9115059b8c7a51cafe0ab834369c553ec17d9c,100.0,100.01042459466416,100.26138595517197,100.26138595517197,100.13329912625203
0xcc0960243d099bcae96c0d1aeacdda01434d2ebc,0.22384955420453206,0.22387288961321541,0.22443466549993782,0.22443466549993782,0.2241479437044058
0xb18dacf8937dcd595ac19f3ca4390e5a411b2eae,200.0,200.02084918932832,200.52277191034395,200.52277191034395,200.26659825250405
0xcaf7e3e8a7d9b8a3ba7e791d34cb49f50762d01c,174.01282195781775,174.03096208917052,174.46766703461392,174.46766703461392,174.24477952905403
0x0730288402e76dca1c6bd0389b5c86e13537add3,0.0,0.0,0.0,18.829236819049495,4.707309204762374
0xf44b52c11b1c800722e8fdf4aa7f3076339e73c4,6924.97723777635,6925.699138583973,6943.078155674754,6943.078155674754,6934.208171927457
0x9e70c8a9e20c0dd13ade9e994c412e76e62df5fb,1001.4040501651127,1001.5084424782929,1004.0215797067676,0.0,751.7335180875433
0x3df84de00de97591418edb836c4356ec8e0af19a,441.90276683113285,441.9488334033847,443.05783859914584,443.05783859914584,442.4918193582023
0xafc20176b56190dcf75fe0c093bbc22dde4e1a22,54.26356043297547,54.269217189200944,54.405397758723524,54.405397758723524,54.335893284905865
0x98ccf605c43a0bf9d6795c3cf3b5fed836330511,1003.5962759401637,1003.7008967839951,1006.2195356521003,1006.2195356521003,1004.9340610070898
0x82a7829dcb69c8a6ef4e0c0fc199874b807f4487,33.616393947414984,33.61989832022471,33.70426247982881,33.70426247982881,33.66120430682433
0x513a6279fbaa176ce9cfb634f6fb956ca95e3e4a,85.32686843,85.33576341017344,85.54990088006411,85.54990088006411,85.44060840007542
0x3721297a6be31ccffeaebbf6e0521cc8c446380c,513.0633646324983,513.1168494086315,514.4044402087806,514.4044402087806,513.7472736146727
0x4aa512328f3c95e65b23616c0daf44cf3946cc2c,375.1021448088948,375.1412476870678,376.0826091329742,376.0826091329742,375.60215269047774
0xf520aaf89eea21fc9366b3cf3cd9206f0a24bdbb,207.70011555241064,207.72176744757394,208.24301448334057,208.24301448334057,207.97697799166644
0x2df3885a78a036546e801fcb2e0472257b392351,312.8034043607343,312.8360128477346,313.6210285270331,313.6210285270331,313.22036856563375
0xe3ca4bcf4c47b897171be3834aea24f3005be405,190.99975914774632,191.019670098447,191.49900569257085,191.49900569257085,191.25436015783373
0xc0f062c16aa3f81e1dee61b85c8f91caee8ae621,326.5317335318227,326.56577314149325,327.3852416224545,327.3852416224545,326.9669974795562
0x336afc03d0bf4a70145c44352081969b949c4a61,500.0372249109126,500.08935176477945,501.3442519874614,501.3442519874614,500.7037701626537
0x0269ae21dbae267fb041ee16ba8500dd0fde2f2d,465.6837925865538,465.73233823434765,466.9010246158873,466.9010246158873,466.304545013169
0x3e7dd7df9c1ffd12b8ecd94a27472bdc4d87ab7e,792.4704021693557,792.5530139966154,794.5418084995214,794.5418084995214,793.5267582912534
0x76ff869a538a250a3ff58f8b0fa86948ce276e22,120.00884272952948,120.02135316494518,120.3225289893889,120.3225289893889,120.16881346831312
0x3df9e23c1e069702d86736be5c2f425b9e528835,122.86914690510945,122.88195551564161,123.19030959835902,123.19030959835902,123.03293040436728
0x07b6ed45da7631fc923b337a417098121ad11f75,40.35562498672923,40.359831897058285,40.46110892256642,97.1801089225664,54.58916868223008
0x15ecab64719c2efea2a0b9ef61726c72a9286513,130.6355202376582,130.64913846113038,130.97698314002528,130.97698314002528,130.80965624470977
0xa36a81cdee52fd2d6ce2d4bfea0c10f57bd4a75c,127.68486466766986,127.69817529725893,128.01861497079148,128.01861497079148,127.85506747662794
0x68f6b142618f5b58d5e4e0abd1fcb09940650b86,9.800722156244907,9.801743841803857,9.82633986746676,9.82633986746676,9.813786433245571
0x7727dbdcb45cafea557d164791d2efbe6489c04f,135.9443285190419,135.95850016425894,136.29966790064356,136.29966790064356,136.125541121147
0xbe04f269a68649b352662d7a5a5403b270f6ab3b,7279.90165573762,7280.66055597718,7298.930296216051,7298.930296216051,7289.605701036726
0x1ee053db7b63fd16162c773b2f37ad28f03b79d1,117.9703651086153,117.9826630410017,118.27872307427432,118.27872307427432,118.12761857454143
0xfabd3074499333b7623a73318670e6bf6db6ee91,4.258226397733502e-12,4.2586703005753476e-12,4.2693568034766034e-12,4.2693568034766034e-12,4.263902576315514e-12
0x4c026d5d6a7fe1b2e2b28b916ef2016f6058f7b4,4.435330184959795,4.435792550153594,4.446923515128783,4.446923515128783,4.441242441342739
0x3c6d802e6d3a3bcb6376e3d87e20870dd0069858,48.29954931621287,48.304584348453695,48.425797554536814,48.425797554536814,48.36393219343505
0x99c155b6883b4d62004ddad7a936a7f29118d682,637.292164756012,637.3585998810141,638.9579569680957,638.9579569680957,638.1416696433043
0xf74c9d36759999e87eb6940bc6724737d05d3f82,108.21178524816467,108.22306588815565,108.49463565664426,108.49463565664426,108.35603061240222
0x26bf7e040a1041bead1131a0c5c03ab09fe7af44,60.79480648556384,0.0,0.0,0.0,15.19870162139096
0x9b307bbc68960b4e84a1a8ac4a025aef831819bd,299.5937339752123,299.6249654076184,300.3768299183988,300.3768299183988,299.9930898049071
0x334ce923420ff1aa4f272e92bf68013d092ae7b4,51.6916614463982,51.697050092579154,51.82677618941414,51.82677618941414,51.760565979451414
0xc6563c29f364f7e661fe112a02caa987f87b956f,119.27771055735404,119.29014477520433,119.58948574040166,119.58948574040166,119.43670670334042
0xb4c87b4904232381ca7de52c2e9fe2ff194b61df,3.741278516783448,3.74166852990408,3.751057693370187,3.751057693370187,3.7462656083569756
0xbe4175a79c29e5ef8aa07f34c9988717bb820bb8,156.17175422291652,156.18803449527417,156.57996525440092,156.57996525440092,156.37992980674812
0xae64e2a3c55813662a098058fad25e2b81eafe00,212.95949754447935,212.9816977088972,213.51614376126545,213.51614376126545,213.24337069397686
0xefe415ed411084423bffcb25d57494a293d2d0b6,154.72283923028277,154.7389684591254,155.12726300147406,155.12726300147406,154.92908342308905
0xeae102d1ddf78ceac3e3281b4e2874b833f7f3e1,343.8844068488805,343.92025540440767,344.78327239040993,344.78327239040993,344.342801758527
0x86d8dc427b4403fc533ec40ca507d5c14100af24,19.120070960379717,19.122064150276834,19.170048140489065,19.170048140489065,19.14555784790867
0x0ac694617ad9d784dce9e8a3b4eff07dc1dd6fe0,28.439179244207324,28.442143913369343,28.513515264517864,28.513515264517864,28.477088421653097
0xde55160ac5ffccef749cf6f43f51c251f9b6c1ed,18.284127247321557,18.286033293474972,18.33191938797183,18.33191938797183,18.308499829185045
0xf5b62519a143df6252ba389442394e98ba47e0f5,174.81288090934794,174.83110444360346,175.2698172278765,175.2698172278765,175.0459049521761
0x5a62359498857b94de207a93605fd33d313632af,64.24227308767604,64.24897008424847,64.41019336681046,64.41019336681046,64.32790747638636
0x78135caa874a3efc2d08361f5aa43738e2933350,1990.0017856577765,1990.2092352777408,1995.2033708331576,1995.2033708331576,1992.6544406504581
0xf76e294b6eaaacace4cfea1a63184cb97fa25264,59.704444654362966,59.71066860071466,59.860503687302895,59.860503687302895,59.78403015742085
0x2f7749de60117b33d6feae006248d6701c58da59,36.07890676136528,36.08266784115442,36.17321195641909,36.17321195641909,36.12699962883947
0x54a2d535210f518f53f6c060de86b871a4e26b48,1379.438642533508,1379.5824434206331,1383.044301405306,1383.044301405306,1381.2774221911884
0x0dd266d1246e571e58e6e4477f33962fa633b9dc,50.10144746031762,50.106670333136236,50.232405607316764,50.232405607316764,50.168232252021845
0x78c66578a36a6b53c19972e022f74dcd37119cec,60.25766783950452,60.26394945713086,60.415172920151164,60.415172920151164,60.337990784234435
0x914e91340edbb2d218ff93021d08b64ff8582116,153.91934139013685,153.9353868575865,154.32166493082389,154.32166493082389,154.1245145273428
0x4f9a04bf67a65a59ef0beb8dcc83f7f3cc5c5d23,788.7935863027574,788.8758148368664,790.8553819526502,790.8553819526502,789.845041261231
0x73fffe174b8c5055a9b6c1edd6118ccc35c3582e,564.8771385716631,564.9360247237097,566.3536480758668,566.3536480758668,565.6301148617765
0x9010f307a555ac7bdb9d2633043ad46dd9092e3d,53.681675639676115,53.68727173677048,53.82199200029921,53.82199200029921,53.753232844261255
0xcf2273689cc440f6de9b92edb9027db53e8b62fe,6045.380043961445,6046.010250326937,6061.181818333132,6061.181818333132,6053.438482738661
0x9e6b62e01807776f75518c94c857829292902db8,21.27590279770707,21.27812072433487,21.33151501945632,21.33151501945632,21.304263390238646
0x63dbf00c99ead0635ff5adf2fd2f1f7f2141fc7c,327.25272189369264,327.2868366634775,328.1081145466408,328.1081145466408,327.68894691261295
0xa95fa8088207c9dfff7ba0d5f6654dcb35e757f6,92.87145764446277,92.8811391174809,93.11421059110887,93.11421059110887,92.99525448604035
0xdde38d842edafd9c938b145281f6e0a19e7f339a,80.30600859294614,80.31438016883293,80.51591722056732,80.51591722056732,80.41305580072842
0xf3decaf06a1deee4f8ca7105901bf536f02a7c32,1145.1915872726008,1145.3109688537022,1148.1849572415426,1148.1849572415426,1146.718117652347
0x0999a13d74291eab3a3f7c1b57434004cd6a464a,3000.221068238237,3000.5338291236294,3008.0632247347226,3008.0632247347226,3004.2203367078278
0x5aab587173dab10a83b9c2b85854b15cc93e9f82,600.1647813073397,600.227346053108,601.7335277535658,601.7335277535658,600.9647957168949
0xab281a90645cb13e440d4d12e7aa8f1e74ae8459,216.0802654584448,216.1027909502681,216.64506892425152,216.64506892425152,216.36829856430398
0x4094adfab3366ff9b2a28b69e691e93d73b5e64b,1.0645565994333755e-12,1.0646675751438369e-12,1.0673392008691509e-12,1.0673392008691509e-12,1.0659756440788786e-12
0x3092c453b65deb8c4cef4f66a1363733618a3c43,51.27934145362579,51.284687117118786,51.41337845009026,51.41337845009026,51.347696367731274
0x1f62ecd30cc251e7b04a897a01d70161d77cbe2f,21.948817276279414,21.95110535151404,22.006188401965968,22.006188401965968,21.97807485793135
0x2f7b7b0ea9b9cec865b38600551e6eb51014dfa3,0.0,0.0,0.0,284.0,71.0
0x9a26aac2b6fec5dd0463fd5c088a05049b835edb,100.8074278968006,100.81793666255022,101.07092435509297,101.07092435509297,100.9418033173842
0x4b9c96201bb696d46abaa240777723ee9b896c1a,71.27921412848467,71.28664469763736,71.46552798317349,71.46552798317349,71.37422869811725
0x1925e832c22522e0d9947ee4677120b2f28e4cd4,2098.088952097807,2098.3076693667567,2103.573061945606,2103.573061945606,2100.885686338944
0x5c4fe960950ba0e09a72869c3d51fe70f07580e0,2817.5645662829556,2817.8582859683916,2824.9292843371218,2824.9292843371218,2821.320355231398
0xdcedb689a0a297fe24dff51c887ca38cd5da7649,552.556,552.6136017232925,554.0003037784601,554.0003037784601,553.2925523200531
0xac59f71c383de1ef94802676f72f1bae3d7d3029,5019.905333159701,5020.428637943207,5033.02666066351,5033.02666066351,5026.596823107481
0xf4af64199dd1811d118b0a8dd6fefafcc0b9edac,173.23907743806404,173.2571369096869,173.69190005535665,173.69190005535665,173.47000361461608
0x2fa832d2d4a5040187ae821b376c48960a14fd7c,46.92344116464134,46.92833274318523,47.0460924495291,47.0460924495291,46.985989701721195
0x695f00450641968b264e1d2e98dff3e013143a37,5.962716413371127,5.963338002388194,5.978302116622413,5.978302116622413,5.970664662251036
0x6393b64533d3cf1ffb71fbf08c55a89ffaca9dff,98.0542995816805,98.06452134496266,98.31059974922927,98.31059974922927,98.18500510627541
0x7bfee91193d9df2ac0bfe90191d40f23c773c060,59346.7437447333,59352.93040221507,60123.20087842431,60123.20087842431,59736.51897594924
0xab13434508eedcc2ff429091268279be536a13ad,5034.665462203324,5035.190305670455,5047.825370611418,5047.825370611418,5041.376627274154
0x83a418804de133fbec94b60acfeb1228a6bab9f8,237.17061403841052,237.1953381135865,237.7905447133021,237.7905447133021,237.4867603946503
0x11dbbdd3d3b7fa1f2f756b578fff64ab20e78c16,100.89907361459099,100.90959193403519,101.16280962191817,101.16280962191817,101.03357119811562
0x00ad1354b9dba27efe6385ab1024d4e8ad64e775,3.3267393732292986e-14,3.32708617232449e-14,3.3354350027160964e-14,3.3354350027160964e-14,3.3311738877464956e-14
0x76d542089f923b08da0b8174e0150ca2217566f9,1.5,1.5001563689199624,1.5039207893275797,1.5039207893275797,1.5019994868937805
0xa3ad63d3a57da17916666d3a71319874018079e5,127.19344377951276,127.20670318046615,127.52590957745198,127.52590957745198,127.36299152872073
0x3b71015cfe9f7829ea2a4056e340f9400301fc2d,204.45456815114704,204.47588171114919,204.98898367700167,204.98898367700167,204.72710430407489
0x784d5843020778d85d3c7701326ff2a0c0e51f00,31.294766312415717,31.298028664954884,31.37656643626027,31.37656643626027,31.33648196247279
0xbae0e3b6964c20481d75a5311314d3581e9a6c3d,148.12274450126102,148.13818569698068,148.50991655180258,148.50991655180258,148.3201908254617
0x8140b03b919211754ff90c0ff8d336f40d777658,1705.0908026706495,1705.268551475484,1709.5476705517597,1709.5476705517597,1707.363673812413
0xd82fd7fbfc8634c942d53993c9317fe57ceca11f,212.78116721869674,212.80334879290095,213.33734730505742,213.33734730505742,213.0648026554281
0xde609001c0d64dd0cbb24575ae3477b55ba019b2,1573.920479492832,1574.0845543231553,1578.034486571802,1578.034486571802,1576.0185017398976
0xa4a24c12001c0325cec5caf8bcebd9db25df1859,15000.0,15001.563689199626,15039.207893275798,15039.207893275798,15019.994868937807
0x3ace895fc2df26b82c1602347cc5625643758fcb,164.28322994668102,164.30035580750416,164.71264323646454,164.71264323646454,164.50221805677856
0xc61b244fa2b83efe9ef91da7390ca5fc1cbb35b1,274.9190189897898,274.94767818317416,275.6376186935257,275.6376186935257,275.28548364000386
0x835271072f5d7319451e3e8f2298b3aff3c839b5,317.20826573909704,317.24133341504154,318.03740359438365,318.03740359438365,317.63110158572647
0xd9e02f8c061ef2eab93ef407b026cc8be684b710,17.16718857817962,17.168978188004125,17.21206119802087,17.21206119802087,17.190072290556373
0x7ed6cb6a49d1d8fc926b28be03d99d2db8c4ea91,3000.8507314194176,3001.1635579446443,3008.6945337670236,3008.6945337670236,3004.8508392245276
0xd3a5e587ff77541e849f85f6dc00abf4080b989a,568.881424333438,568.9407279160445,570.368400478228,570.368400478228,569.6397383014846
0x2241ce35734ff196a6dac1180de4a9261f874701,11275.963010652002,11277.138484090345,11305.436794272237,11305.436794272237,11290.993770821706
0x82dd6db9327fbd69e4519fdbea8a4753bac58d0b,63.07087476000001,63.07744964304487,63.235733168426755,63.235733168426755,63.154947684974594
0x34bf2e2339e0cdf3954820177125b1e60a79e36b,3518.5626986869142,3518.9294945862566,3527.759727405202,3527.759727405202,3523.2529120208937
0x073f4afaf299c34ceaa367d1551177e6542945a9,65.4298211298289,65.43664192347116,65.6008454927564,65.6008454927564,65.51703850970321
0xd81f3a7f6d6eebcafec979a0b8b31e4f2f8e718a,74.90908788673114,74.91689685550996,75.1048897216145,75.1048897216145,75.00894104636753
0x72ae94682888f4c1b5c8f0ab22a0854dcc13af5d,2.129113198866751e-12,2.1293351502876738e-12,2.1346784017383017e-12,2.1346784017383017e-12,2.131951288157757e-12
0xce09fd3e23b65bad12809190a19b6bfcffd48c35,19.47790225645461,19.479932748813923,19.528814757315107,19.528814757315107,19.503866129974686
0x72bf0778874fc88f3e95adaecdd983b2be665476,11789.912943063191,11791.141993698762,11820.73011962336,11820.73011962336,11805.628794002168
0x7a8edc710ddeadddb0b539de83f3a306a621e823,104.21021004722776,104.22107353922385,104.48260090014644,104.48260090014644,104.34912134668613
0x00a0847926a77692495774f1c71ba8abef99dd52,44.0032757921603,44.007862955300595,44.118294174896604,44.118294174896604,44.061931774313535
0x2533b1ab5b0817f0681a64999ace6d39bed8ec99,1008.8208956694012,1008.9260611586622,1011.4578118035213,1011.4578118035213,1010.1656451087765
0xd5e86ca8c79f17b0ca2c43c93504854473f7de14,99.08971588,99.10004558123435,99.34872248033015,99.34872248033015,99.22180160547366
0x6ab791754298d6d6d7c182dc1572126b4ed24897,0.0,0.0,0.0,775.0963217718877,193.77408044297192
0x478fa3c47294578aaa81b200b50de0f59e5ef88d,199.81487507440065,199.83570496520585,200.33716309418958,200.33716309418958,200.08122655699643
0xbb5725a40a690cf6bb073489ed56e475d07227ff,69.33543256083523,69.34266049863834,69.516665643507,69.516665643507,69.42785608662189
0xeaf7c49d5342f82ed1a791776e4f0ec468d467bc,16.443070000000002,16.444784123397845,16.4860498755791,16.4860498755791,16.46498846863901
0x0bfa5379648c130ce35d34bd70ea5590b23d77d8,349.8124695372415,349.8489360692754,350.7268302020521,350.7268302020521,350.27876650265523
0xc3038fa904ce8d1976e545bf1d106ef499f1ca79,449.59999999999997,449.64686897761,450.77519125445326,450.77519125445326,450.1993128716291
0x9cc928dff6f29d4074c438053c21021eeab0863c,171.36581216441095,171.38367635572203,171.81373832937513,171.81373832937513,171.59424129472083
0x925436df58a825c721a5b973b69aa3ae15fb2508,160.1540457433818,160.1707411534888,160.57266592559472,160.57266592559472,160.367529687015
0xb3bf99751ada6dbdaf0a89ba2f47f51acaa4602e,73.51428141654603,73.52194498240397,73.70643742321448,73.70643742321448,73.61227531134475
0x401c0f82117b3262b79a7697bf98bbd7c0d4e36c,45.93038433365917,45.93517239005364,46.05043990746386,46.05043990746386,45.99160913466014
0xb4b8030dc0fa10e4ccceb16d9729dbdd0f28d45a,569.6769635921864,569.7363501065361,571.1660191648666,571.1660191648666,570.4363380071139
0x31b3b26d04f8b3dc769636a57e2a0906d19add54,12.800952957719364,12.802287405178353,12.834412850879014,12.834412850879014,12.818016516163935
0x4ecf911a8991cdc3c1bcbbd7585d421d6f61cce7,136.31378946073417,136.3279996207568,136.67009456134724,136.67009456134724,136.49549455104636
0x1dffdb114e58baedbd25290a1efffa9fc3726d1f,849.1764772734435,849.2650004791827,851.3961053196605,851.3961053196605,850.3084220979867
0x9f6e465b94fc2ccb507d39af953e8a503afb2ddd,800.6952831578118,800.778752395576,802.7881881717109,802.7881881717109,801.7626029742023
0x250b99dcbdef1ce9fc66c13eef4272076f480791,4363.124963080417,4363.579801172508,4374.529558940511,4374.529558940511,4368.9409705334865
0xb2035529812cb10096c487782de7ec9ed93ff3c8,128.12721054975827,128.14056729211256,128.46211708288897,128.46211708288897,128.2980030019122
0xdf5870795fca46f8ead1aee94415c407a56a548a,1797.8081255199263,1797.9955397298513,1802.5073434609762,1802.5073434609762,1800.2045880429328
0x5adab8d0b8f2f3ee222c0ce18de224b6a2db8b11,300.0,300.0312737839925,300.78415786551597,300.78415786551597,300.39989737875607
0xab45160c38e9781347fad728b7331e2601812198,2.661391498583439e-13,2.661668937859592e-13,2.668348002172877e-13,2.668348002172877e-13,2.6649391101971965e-13
0x7408824921050d808d254270523037e8c1744bea,38.826860917760435,38.83090846063193,38.92834887903363,38.92834887903363,38.878616784114904
0xae72f470da5446005c756b08d3e916f7ea8e9b72,1738.0890000000002,1738.2701887331525,1742.6321205343895,1742.6321205343895,1740.405857450483
0x2d4c38d80914084d90c55ae6622eb7859ea9ab64,1930.3608729999999,1930.5621052965657,1935.4065652061572,1935.4065652061572,1932.93402717722
0xf94e7b042241e71a2c1f1fcc171c5d876dc47f0c,185.97049159180125,185.98987826174462,186.4565923375865,186.4565923375865,186.2183886321797
0x52c93c5f7bf085652fd2d923f62bafc1bcdc0660,427.0268320659869,427.07134788233697,428.14302022982326,1154.5704501298233,609.2029125769926
0xef7d67c4f339ba942bf0e89b2e72f120063aee1c,1112.6340284643013,1112.7500160518641,1115.5422975471713,1115.5422975471713,1114.117159902627
0x468903956546df48b9c9917dfa6073a2ba3ba4d1,146.7576394930753,146.77293838213114,147.14124335085214,147.14124335085214,146.95326614422768
0x12d5055a4dcc9987719c9f2cce2d5c173a11403c,1900.346365312769,1900.5444687185677,1905.3136038113178,1905.3136038113178,1902.879510413493
0xc27a76dbe56c4d2af0391f07aa1e9861d04ed2b2,1114.3964686114075,1114.512639926212,1117.3093444652905,1117.3093444652905,1115.88194936705
0x9d2f692f0655b157051da339f7c0199397b9853f,102.02205555269282,102.03269093845222,102.28872687708531,102.28872687708531,102.15805006132891
0x5673bbc0174afb6aa71213bc3b00fc4f6630c654,328.49993552905244,328.5341803158034,329.3585882232744,329.3585882232744,328.9378230728512
0xdbfb0785366262f4736bcb5757cb20f0065c4dd1,672.9386803748027,673.0088315045701,674.6976475722222,674.6976475722222,673.8357017559543
0xcb0ddbfd76d66a51d2860c12640051573c1431e0,193.5774106907247,193.59759035115056,194.08339485465586,194.08339485465586,193.83544768779672
0x5929d94eb4c41d91955154465a58a531ad4cf7b8,111.81532709614667,111.82698339076883,112.1075966569056,112.1075966569056,111.96437595018168
0xba563a7cd4bc4d20dcbca9ad4eaba74dfa78dbfd,314.03389177665827,314.066628536984,314.8547322642424,314.8547322642424,314.45249621053176
0x7f6a2f68e3f16b363ab65e07594e9a352851e759,46.72754837231524,46.73241952982955,46.84968762095667,46.84968762095667,46.789835786014535
0xa4127b892653964ffefc9fab4809eabacc5acc77,19643.870696735295,19645.918490631782,19695.21701578871,19695.21701578871,19670.055804736123
0xcc86501e6bad159bfd1c51b24978295ad79ec7fb,37.11774091122308,37.12161028526157,37.21476147284214,37.21476147284214,37.16721853554223
0x820adbe5bbaba72979949686e3d32f784542235d,36.104458770418525,36.108222513901026,36.19883075483526,36.19883075483526,36.15258569849752
0x2e44eabb2901fefa4600994bca2b80cd83cf3178,1308.0885297493,1308.2248926763748,1311.5076894472804,1311.5076894472804,1309.8322003300589
0x587b938a8b21ea570325e91bdd01b161783a75e8,78.66274142413228,78.67094169607746,78.86835478216823,78.86835478216823,78.76759817113656
0x9f617e6f8433b2ec4c6e48c89f36614df4ce938f,0.14265302133624153,0.142667892335492,0.14302589629864296,0.14302589629864296,0.14284317656725484
0x9f615eb8a55d8c23b2b5d38b16bd1c1b0fbc331a,999.8534333684145,999.9576640360789,1002.4669098155445,1002.4669098155445,1001.1862292588957
0xa2c0a62a258efffd2c1e8464385d106c5ac3d08c,200.0147378825491,200.03558860824197,200.53754831564817,200.53754831564817,200.28135578052184
0x51b47cdc53a6a0df80711a3adfd549b055141fa5,157.51592940106676,157.5323497982383,157.92765391767978,157.92765391767978,157.72589675866615
0xc732e29be7ecf7426c8d8c7d04d0f6e73ed73c43,1.0,1.0001042459466416,1.0026138595517198,1.0026138595517198,1.0013329912625202
0xfb5f4e0656ebff31743e674d324554fd185e1c4b,274.6423153111985,543.1778698832551,544.540894365714,544.540894365714,476.7254934814704
0xb8a2b0331f0046d379e6f3402d412e3c6b17d0af,5612.756768383714,0.0,0.0,0.0,1403.1891920959285
0x70d4ad35e88b7871d9d2260a8fa508dca22b7cfa,178.38727991251824,178.40587606338153,178.85355920802292,178.85355920802292,178.6250685979864
0x53c40473dcdfd927c4201ccfe24e314a7d7c3584,106.80625548274986,106.8173896019599,107.08543203382688,107.08543203382688,106.94862728809088
0x319d84cae0f06f1f73b722623e08cdfc54cfd30a,5835.670973787697,5836.27931883265,5850.924598103226,5850.924598103226,5843.449872206699
0xafa6f9cdf40224c67bd37c0914bd0dc45baa5470,2513.857956206043,2514.1200157084104,2520.428827836539,2520.428827836539,2517.2089068968826
0xcb04f9f5e1ac544dffb0d479b696e7aadb76dbfb,1800.1885131612785,1800.3761755169662,1804.8939531013016,1804.8939531013016,1802.5881487202118
0xb5d9fbb554a79c99270b58b62528f21224f835ca,101.60841850999999,101.61901077577433,101.8740086452575,101.8740086452575,101.74386164407233
0x78adb1b4707b4b75a407dd913238735382451481,25.29921820232196,25.30185554327275,25.365346805471145,25.365346805471145,25.33294183913425
0x473dff3f18d2b44e98129b7b1ef6f5a7d28b5270,386.63752251863775,386.6778279131799,387.64813869992645,387.64813869992645,387.15290695791765
0x10029869abcebfac65f911732ba0662d9cc69b63,155.0860522548645,155.10221934719274,155.49142541388943,155.49142541388943,155.29278060745904
0x4b05d8d17182e7d66d429a7981fa4330c4707b5c,20.59288423727334,20.595030961984733,20.646711144434395,20.646711144434395,20.620334372031714
0xf804dcdc8906bf023ae584b6f6fc4bbc79fddf2e,9.400000000000002,9.400979911898432,9.424570279786169,9.424570279786169,9.412530117867693
0x918558df5a12ba43657222bbcf1a735494a5024f,466.9968321536368,467.0455146804833,468.2174962839845,468.2174962839845,467.61933485052225
0xc95d11d5351584c343d8cddc722ec99a635f6791,29.662208181715336,29.665300346686717,29.739741027896216,29.739741027896216,29.70174764604862
0x62a833ed5626cb5069b7615be8a7bbc4d4bb4f4b,846.8484688538798,846.9367493741773,849.0620118130528,849.0620118130528,847.9773104635407
0xecee5497b9dbb82e1804e3224f67d00d8d891c69,583.5857353330358,583.6465717804621,752.7461261412462,752.7461261412462,668.1811398489976
0xea2bf14daa8b854718c47e4984637b4d7d3a9c86,76.18358453303323,76.19152636292141,76.38271772314914,259.0627177231491,121.95513658556322
0x353f11c0270fb19266e7608d8536def493d21d74,19.00141454661468,19.00339536706162,19.051081575523536,19.051081575523536,19.026743266180844
0x71befff41852f6359e62d51e608727b9bd1ce2e8,124.40578858186048,124.41875738105888,124.7309678406344,124.7309678406344,124.57162041104704
0x8e437c286498dd2a6216ede8722e6b742e253269,2.177402450971467e-05,2.1776294363511884e-05,2.183093875165877e-05,2.183093875165877e-05,2.1803049094136025e-05
0x6ed81cbd633ac18435dd3f696c097f57a6dff27f,25.799999999999997,25.80268954542335,25.867437576434373,25.867437576434373,25.83439117457302
0xcf053a33e4436eb588462992518f0bb3caa9cb36,30.495345928551473,30.498524944755957,30.57505647978982,30.57505647978982,30.53599595822177
0x2039bd4f9f4bf67fe137ddf4d778f5c8b028e3b4,700.0521148752775,700.1250924706911,701.8819527824461,701.8819527824461,700.9852782277153
0xfb3639f6ead18e5d3d89013679b0e458b2a2895c,0.0,0.0,5612.756768383714,5612.756768383714,2806.378384191857
0x0ed7b62dc5f106efd3bfc97b0221796a9881385c,411.5424284295904,411.5853300596253,412.61814253707917,412.61814253707917,412.0910108908435
0x2a4892037797245b2c134b81eef4b6ecbf552fd0,407.89011151481327,407.93263240561384,408.9562789788483,0.0,306.19475572481883
0x7bda7eab159b334df110d905e6382d0a9fa5a1e5,141.8561121261647,141.87090005086017,142.2269040798155,142.2269040798155,142.045205084164
0xd67a015042cce9cdd23a876bfc80a6076bb1d865,405.36033140548597,405.40258857696426,406.4198863796185,406.4198863796185,405.9006731854218
0x6599be9fbef78fe48604791f14359a61dd9dc50c,120.03884494021186,120.05135850323641,120.35260962163626,120.35260962163626,120.19885567168019
0xe5932e205d1ba35951db86c56ad8846f8d59baed,720.0536038717142,720.1286665412824,721.9357228619446,721.9357228619446,721.0134290342215
0x7369e5c97db67c30f64ae2924728c952848713b6,646.1198707373344,646.1872261149033,647.8087373330171,647.8087373330171,646.981142879568
0x8fd500ee7ab804f4d12649a7b96e08693a8c4cf6,207.32828050007694,207.34989363294324,207.87020750640372,207.87020750640372,207.60464728645692
0x83f6fe95067e24af601b1b822430c72c0098d208,562.6631559058976,0.0,0.0,0.0,140.6657889764744
0x7b18b64a91ad258573dcf8dfcde8f8c6cce3230c,71.35775478296135,71.36519353965892,71.54427393189009,71.54427393189009,71.4528740466001
0x2cf4b32d8d5eddafa399688c9bd393347147ed09,120.0,120.01250951359698,120.31366314620638,120.31366314620638,120.15995895150243
0xa8e930f8891e58bb79873d3c04b1ae82dbf520cc,26.104731024073246,26.107452336470672,26.172965124605593,26.172965124605593,26.139528402438778
0xe93a437c41ddee88c5f80871071fad42ea207120,753.5563218694181,753.6348770615391,755.5260122590953,755.5260122590953,754.560805862287
0x4041cc7efe876d60299ef2bc7c8d10a1d046e7b0,167.79619925175777,167.81369132539163,168.2347949499143,168.2347949499143,168.0198701192445
0x65015d799b026f55e190fe1e0cb90336e8847b3b,5.000372249109126,5.000893517647794,5.013442519874615,5.013442519874615,5.007037701626538
0x715e06bf82be23bdf33c286daff56d68f7de6c35,500.40871913000007,0.0,0.0,0.0,125.10217978250002
0x874edc93ff7cfe80bedd4cf0feada6cb0366e2a7,2000.450848562142,2000.6593874545604,2005.6797461204023,2005.6797461204023,2003.1174320643768
0xb4907a529eaf0f27bccc121fb885cf39418ab697,36.62981701617706,36.633635526127215,36.72556221326254,36.72556221326254,36.67864424220734
0x1d88acacf1a9877e535612196829de7d071c3e61,533.9995936001691,534.0552608933101,535.3953935385155,535.3953935385155,534.7114103926275
0x1ff5860306543acd0b0cf283fda56288441bf897,200.014889964365,200.03574070591176,200.53770079498457,200.53770079498457,200.28150806506147
0x3617c997ebb4365290662745825179fee3f23fe6,69.50517426261685,69.51241989530435,69.68685102625714,69.68685102625714,69.59782405260887
0xe4b8c70495313841d2b0ce67eaef43ba5a1e9611,159.12198572157357,159.13857354360658,159.53790824384052,159.53790824384052,159.33409393821532
0xfe95d15282d7ba8ab89e9190148eda35c1c8ceef,271.94825185151217,271.9766013544639,272.65908638718776,272.65908638718776,272.3107564950879
0x542cdbc2fbfc03ea99dbcf9e1c23fd20caa39f88,157.1151105341191,157.13148914754845,157.52578736650824,157.52578736650824,157.324543603671
0xb8abc49ce1ba5feea6de3a048ffb86dd1719e8a2,163.72289375492278,163.73996120296917,164.1508424045993,164.1508424045993,163.94113494177265
0xf84670a741ba048bb69ae8825550790e9f7dfacb,2.8717009700000005,2.8720003331860893,2.879207193010118,2.879207193010118,2.875528922301581
0x205e671bf61e4c19716027290485b72a3af5d018,94.96698924138107,94.97688916507424,95.21521961330774,95.21521961330774,95.0935794082677
0xe82542051b5e3ef94ce93c7a0473082dd3932bd5,258.8625695445119,258.8895549181242,259.5391999444986,259.5391999444986,259.20763108790834
0x2983b79e22a3c5a9de5def47c9f7d35d3bcfc7b8,459.1834319941692,459.2313000057196,460.3836729938787,460.3836729938787,459.79551949691154
0x30eba4c9dc1531d64a17e38e505845b147ea9078,482.300089651011,482.35036748042194,483.56075434714063,483.56075434714063,482.9429914564285
0x32a8c63769dfb0bb5e166ad8e7f65d302f577e41,519.0331841845745,519.0872912901982,520.3898640307149,520.3898640307149,519.7250508840506
0xbae8eca7740719aed4e3bee50b5d35d8cf21e77a,242.49767539459523,242.52295479432516,243.13153025969527,243.13153025969527,242.82092267707773
0x3731696c9b5098beacf8dd03ac00c30bba979806,408.48927569238316,408.53185904362067,409.5570092874268,409.5570092874268,409.0337883277144
0x04e67fed060d12e8ab391809aab60196e406be8a,26.780680517597517,26.78347229498978,26.85068145517,26.85068145517,26.816378930731826
0x2ab6fa5339449dd86a774530329f988b45dd8252,518.8250749768654,518.8791603879476,520.1812108547654,520.1812108547654,519.5166642685859
0xc64be15498e21bb468c5e8c4bca8166b256d5093,45.4590113352651,45.46375025293513,45.577834806255524,45.577834806255524,45.51960780017782
0x628d896988f2c56921f09df2aed3549cac359774,115.89760335230966,115.90968520768462,116.20054340985352,116.20054340985352,116.05209384492534
0xbe77c81331539fb0b3b10326944a74f178502697,41.367691036243734,41.37200345035618,41.475820370591414,41.475820370591414,41.42283380694568
0x68ca8331c46f2124f3f5b970939f4eacb05b1005,432.1823621425203,432.2274154019836,433.31202613789134,433.31202613789134,432.7584574550716
0x021dca5004373298e17c75b4d8899d3c0c699206,286.3659540391285,286.39580652909325,287.11447442338107,287.11447442338107,286.747677353746
0xf7229519d48cadd0748d54c15df8e6434aa66cbc,30.479458991318246,30.48263635137392,30.559128016333954,30.559128016333954,30.52008784384002
0xa6bbd8dcae61129f7dadd8a77834681453d8a69a,8.000589515301964,8.001423544329679,8.021501932625927,8.021501932625927,8.011254231220875
0x0ec9fc54c142191e7e728d05412dc8e21aba79b6,155.56090550891062,155.57712210276583,155.96751986764926,155.96751986764926,155.76826683674372
0xc2f39bfcdee4c4c33359edba8fb3c4cfa044e8fb,17.1194427747689,17.12122740728693,17.16419059378585,17.16419059378585,17.142262842406883
0xbab7347a83f91749ec8f1b1b0fe794027c5d5fa8,89.1852374735233,89.19453467303018,89.41835515836587,89.41835515836587,89.30412061582132
0x2a5c0b17e9f5297b4f6bc9e51aa0bd65e85c0dac,460.45920906855594,460.50721007469514,461.6627847703572,461.6627847703572,461.07299717099136
0xc164a9879bc10e9184afc47bc81ab63dddd46895,15.995418571381206,15.997086028932108,16.03722834899777,16.03722834899777,16.016740324577214
0x958cc63af2b42e704d7369144f671cd0831aab4a,18.87,18.871967121013128,18.919323529740954,18.919323529740954,18.895153545123758
0xdf17ebcc6b917d5e8340af8b3b8eff3648de7649,79.839,79.8473228921339,80.04768793274975,80.04768793274975,79.94542468940834
0xb380514136bfa1d98689b6fcb3732113597a3fe5,9.637662064845017,9.638666752050378,9.662853559889461,9.662853559889461,9.65050898416858
0x4e5098e5482d20dc0a93a2d584f0811d859304a8,111.93533294520742,111.94700174995295,112.2279161844012,112.2279161844012,112.08454176599068
0x7692a4436f8252f34258c2bfa846ec5e840d5e55,9.62962876564511,9.630632615411594,9.65479926277371,9.65479926277371,9.64246497665103
0xc95be28595eb64485dac63ad14f15e41c94ee468,247.30133367681208,247.32711383844696,247.94774462999627,247.94774462999627,247.63098419381288
0x07fe984c446417c1ff4532ce4fd67eeb59a0d682,1000.0736894127457,1000.1779430412097,1002.6877415782409,1002.6877415782409,1001.4067789026093
0xf4c5a9a05e329356cf9fccb4bcbffe9e374cc936,748.3509401087523,748.428952660924,750.3070243615941,750.3070243615941,749.3484853732161
0x0b6fa4e82ab0f09d9529ef29ff88fafd7f7de908,490.055714786815,490.10680110871,491.3366515977853,491.3366515977853,490.7089547727739
0x44dcf3b86ee7a255ed915c16ca3979324c9a868b,210.256506,210.27842438850553,210.80608697651934,210.80608697651934,210.53677608538607
0x1be80cd8ded94debc6be9a6811b2bbaaf57f341b,55.669064871340275,55.674868145706434,55.81457598828954,55.81457598828954,55.743271248406444
0x923383f8218d66207eab697b2a417512de0b320b,50.0,50.00521229733208,50.13069297758599,50.13069297758599,50.06664956312601
0xb1c7bc118ffaa300a63066a067ecd299ff37f4ce,4.158424216536623e-15,4.158857715405613e-15,4.1692937533951205e-15,4.1692937533951205e-15,4.1639673596831195e-15
0x49b61b0b725be7ee97361318ea6711f5ccf55ed3,1047.2436078724497,1047.3527787737169,1049.9809555798647,1049.9809555798647,1048.639574451474
0x7ab16d4191207301c10887caa0353031c574fc16,10.437758991447314,10.438847085514194,10.46504182748566,10.46504182748566,10.451672432983207
0x84e7bc1f6b74a06cd91920a9ccbefd1017152380,9.000670048396428,9.001608331766029,9.024196535774307,9.024196535774307,9.012667862927769
0x10ce3aac102f24d939d744573c3d86ac9bc331a0,922.9470833550049,923.0432968474092,925.3595374045643,925.3595374045643,924.1773637528858
0x03ebbfcc5401beef5b4a06c3bfdd26a75cb09a84,1.8814215950000428,1.8816177255752458,1.8863393668069457,1.8863393668069457,1.883929513547295
0x7456957584903630600d397f7641ebca4d36dc49,3.2676271761506785,3.267967813038928,3.276168294656519,3.276168294656519,3.271982894625661
0x271b0d92a19d936b895021cef655f4525c4220b9,8.674299461850099,8.675203722408952,8.696972862352935,8.696972862352935,8.68586222724123
0x329750918484252b9d355b185a2e515cbbb7821d,41.02369756242633,41.02797411661346,41.13092774614674,41.13092774614674,41.07838179283331
0xdfcd4f74729d858f98fe0028d05b27226f0e8bdb,70.83936078962412,70.84674550584911,71.0245249294618,71.0245249294618,70.9337890385992
0xe3cffaca31c2ca01dd8822d7426a37a009004fdc,755.9649052626706,756.0437115398477,757.9408913510565,757.9408913510565,756.9725998761578
0x87db27ac8459ab6602f7a6155b48f6b184065da0,1100.0818948040076,1100.1965738825147,1102.9573543724152,1102.9573543724152,1101.5482943578384
0x12289b133f5e15428e3766cf837264025d9b55f6,29.800472500964343,29.803579079430573,29.878366750656753,29.878366750656753,29.840196270427104
0x20e96532d2ed197e712e1173ffb53c23f522742b,0.0,0.0,0.0,2435.3389621634933,608.8347405408733
0xf11db27da72c48d9b06885cfe7bcc817ac9a0287,17.659801232809784,17.6616421955068,17.70596147294364,17.70596147294364,17.683341593550967
0x4a215d20bf04dad733cad93fefef8f2438cce2f0,90.35393340230449,90.36335243362483,90.59010589416359,90.59010589416359,90.47437440606411
0xb49fe893875ec52f7ffd8573ea3e0973ae354f92,88.39814102978723,88.40735617768023,88.62920135507221,88.62920135507221,88.51597497940297
0x4abc33cf81e0d21f42168d044f7002edd6b80b09,47.66601236574311,47.67098135432481,47.790604627457704,47.790604627457704,47.729550743745826
0x53a8d71da9624febe6c498b1cdf0c0bad73a5afa,68.09760151097105,68.10470040990458,68.27559907712971,68.27559907712971,68.18837501878376
0xff29f75b1180f9a420b8d7d96a47b808f47650d2,991.7634384491745,991.8668257676601,994.3557687858114,994.3557687858114,993.0854504471143
0xe0f61822b45bb03cdc581283287941517810d7ba,1039.277223085255,1039.3855635231985,1041.9937477817011,1041.9937477817011,1040.662570542964
0x8c90e91a01f730e91e2e7cf94a62b19833f338f2,50.2003574599698,50.20559064375497,50.3315741438163,50.3315741438163,50.26727409783933
0x16388463d60ffe0661cf7f1f31a7d658ac790ff7,4.024720526137716,4.025140086938931,4.035240580327963,4.035240580327963,4.030085443433143
0x7b505d4ac6ab4cdf3ff86c48ebf4b3645377817f,3588.1714213159935,3588.5454736425204,3597.5503974588087,3597.5503974588087,3592.9544224690326
0x15c091ec119991bff68f7702f24ffccbad51f1df,38.029774185235176,38.03373863504568,38.129178673739005,38.129178673739005,38.08046754193972
0xeb1033916a795e424cbe46868d6c08bfb8a2d2f8,900.9362383758852,901.0301573269182,903.2911591680545,903.2911591680545,902.1371785097281
0x3f868dc876c0be0aa382a0136eeb342af9060dea,8000.589521735155,8001.4235507635385,8021.501939075932,8021.501939075932,8011.254237662639
0xb6647cae065c321e75775b50a25fd54e9ac5c436,90983.28988560301,90992.7745247857,91221.10742691738,91221.10742691738,91104.56981605588
0xc51e4f7ada44ca984cbbbaf035b8c2f4672b751d,219.22259642098965,219.24544948807878,219.7956134985975,219.7956134985975,219.51481822656586
0xc54a8d938700ac591ac2a4096269c7d1538dbcfb,72.60534985136533,72.61291866479183,72.79513003858028,72.79513003858028,72.70213214832944
0xf467cc476b70c33120f753f9c4859e638fc955d5,135.62935665157127,135.6434954622478,135.9838727409486,135.9838727409486,135.8101493989291
0x2f9035f14d9134bed45e2642ae148f673f5ecb7e,17.363681425207233,17.365491518614586,17.40906764975353,17.40906764975353,17.38682706083222
0xc518fef11126b06828d02fc525bab3cbed94bc63,33.392812616948774,33.396293682311054,33.480096739166385,33.480096739166385,33.43732494439815
0xae39c99270a91fa2cd76f76abc176a873706062f,417.55361654375446,417.5971448157847,418.6450430527125,418.6450430527125,418.110211866241
0x2f6119e04d7766b6b867b62a6d54318346b47afe,150.10884964456366,150.12449788369415,150.5012130950048,150.5012130950048,150.30894342956685
0x18bafc34abc16187b5887742c3dac59e5b51d509,49.36736118387383,49.372507531173646,49.4964005324475,49.4964005324475,49.43316744498562
0xfe7fbbb06a16104e44e957f0a3e9be98528dcae7,162.15094792769318,162.16785150675872,162.5747877317544,162.5747877317544,162.3670937244902
0x64ebba26736c2f2762027b84a0f44135d7ab6aae,1.0569860285794839,1.05709621508862,1.0597488416063208,1.0597488416063208,1.0583949817201863
0xf7697f27b9abff03990554208a7eb7f3bb18a4cc,3.0560520862312286,3.0563706672739435,3.0640401771673775,3.0640401771673775,3.060125776959982
0x289b69e7b64848c9bec746cf2ce7459179bf06e2,48.213186302729774,48.21821233197651,48.339208800266015,48.339208800266015,48.27745405880958
0x9aa74280a60988ca5ac5da29fb704c9a6717b0bb,72.3667777452635,72.37432168851495,72.55593433850014,72.55593433850014,72.46324202769469
0x935fe342205d5a7f4ccc11386310bef63ffc3537,30.00221068357161,30.005338292425662,30.08063224853958,30.08063224853958,30.042203368269107
0xd282bb7eac5f3db3a30633533cd298fc7e55f40b,154.3835131044374,154.39960695990686,154.7870499247935,154.7870499247935,154.58930497848283
0x11aad390da2fec58e336519a9e7f6dbf067e135b,25.268479488730115,25.271113625294614,25.334527745199168,25.334527745199168,25.302162151105765
0xd3fe68d8b606205eddce2d9a6e5839e82ecb24eb,2918.374170948141,2918.6783996262457,2926.002391150366,2926.002391150366,2922.26433821878
0x1336ed15cbd2d5cb7aca84509859313726072bf8,379.9666758257617,380.0062858115754,380.9598553507041,380.9598553507041,380.47316808468634
0x6b82857ab565d1ff7c3005e798f44b5bd7af1e0e,1978.785229,1978.9915093393977,1983.9574956716237,1983.9574956716237,1981.4229324206613
0x3d09f8c103a3969bd95561f9b4d4f60a36f824a9,119.27187910910033,119.28431271904579,119.58363904956123,119.58363904956123,119.43086748181713
0x88036f9ad7309e6631a396cf09e41090a3fd6a48,23.786590010255185,23.789069665848178,23.848764815756333,23.848764815756333,23.81829732690401
0x6e30a40a23509d334134fb412f4d89b870e07103,804.9337904473632,805.0177015323322,807.037774324026,807.037774324026,806.0067601569369
0x410fd9255d2ae9b3b4b1e475066e1b11c5b30aa7,19.102789427188988,19.10478081555632,19.15272143579774,19.15272143579774,19.1282532785852
0xe5c18acb881b377e7f7bf001daf0cad227dd3a1a,552.8961902,552.9538273867419,554.3413831878638,554.3413831878638,553.6331959906174
0x25fabdd4a2ec3e9e63f7da91d8cd21aeb9b46f72,537.11822562,537.1742180178882,538.5221772244396,538.5221772244396,537.8341995216917
0x7165cd99b9d29ef754d8451931c0ac92ca792711,72.9438683885146,72.95147249112647,73.13453341564131,73.13453341564131,73.04110192773094
0x8125fdbc90f5f5442215d149973e824fe4b641f6,69.72667676765879,69.7339454910846,69.90893250773762,69.90893250773762,69.81962181855467
0x90d94eaaeefe31a5d168735cc031c7058d3aa51f,1361.5947350755712,1361.7366758076712,1365.15375247942,1365.15375247942,1363.4097289605206
0x8e5c10dd6055814c3b7099c9c71d2b2b6689f79e,109.87156530951282,109.88301897484749,110.15875414995949,110.15875414995949,110.01802314606982
0xd87cfd8757db0aa5b3380bc8009881f64f76bd20,10.780802569079276,10.781926424048645,10.80898207284967,10.80898207284967,10.795173284706816
0xed1a471f465044ebd197a5297d3a9477ee01248f,75.70034743000001,75.70823888437894,75.89821750619842,75.89821750619842,75.80125533169395
0x12d8ef6a46525bb4c44e5710b8f402413ea10cfa,17.09409058923899,17.095872578894443,17.138772141203635,17.138772141203635,17.116876862635173
0xd8d7c1148fc72638532e8b4ff3f1934fb7a08ed6,12.924677331538357,12.926024676761818,12.958460622834293,12.958460622834293,12.941905813492191
0x2f573a409666730ded9c02a843abc13c2b357e00,76.81512708304513,76.8231347486843,77.01591103668773,77.01591103668773,76.91752097627622
0x139ed29ab253e1b34b70e2f37c92f4ef44465d94,137.82607327271586,137.84044108219604,138.18633127081577,138.18633127081577,138.00979422413587
0x4c4c79757a0c3e30c881bf0230ca8cc7c5040ee7,155.18770317808531,155.20388086711023,155.5933420383468,155.5933420383468,155.39456703047227
0x733cda6dd2e2fe13f702b5968eb5400b22590a6e,82.79493560549881,82.80356664193813,83.01134993876526,83.01134993876526,82.90530053124186
0xd1568b3e62ad370fe6dfa11922fe297f3cde0915,26.077144483367093,26.079862919979472,26.14530647655652,26.14530647655652,26.111905089114906
0x76c352c3f07f4ac9571a312fc7a8800dd75d6556,491.04618223855226,491.0973718126644,492.3297079923321,492.3297079923321,491.70074250897017
0xbc78bcacb6dcadb770a269f90d5bcdf0c139b164,5.322782997166878e-13,5.323337875719184e-13,5.336696004345754e-13,5.336696004345754e-13,5.329878220394393e-13
0x1fddc7c6a2f42822019ec7cb458fab465644f576,1015.8225995470303,1015.92849493554,1018.4778171517092,1018.4778171517092,1017.1766821964972
0x9e9c0431eafe5addf548bacfea974ccb550dad45,2551.6438982530035,2551.9098967866694,2558.3135370290397,2558.3135370290397,2555.045217274438
0x03d2c6fce4045417a9db4da14a07d6707b8ed5fb,159.3983011017112,159.4149177285026,159.81494587357383,159.81494587357383,159.61077764434037
0x9410640e7e3d9bf052015d68c7af6345514e8ae5,200.78651867178777,200.8074498524996,201.31134643147462,201.31134643147462,201.05416534680913
0x1f8dec5061b0d9bf17e5828f249142b39dab84b4,855.0143186442455,855.1034504212846,857.249205987891,857.249205987891,856.154045260328
0xd392e5d8c94bf025a0848ee82d58f947833049d2,227.40692914498482,227.43063539558636,228.0013389188577,228.0013389188577,227.71006059457164
0x62e2c0e88b7cde2a3eabd23cb5118bbfe4b4511d,10.613835479956604,10.61494192928371,10.641578555206271,10.641578555206271,10.627983629913215
0x30270cde14e1de5ee09b9cdae60c3babd0ae48b7,247.80101396570444,247.82684621698402,248.44873101298455,248.44873101298455,248.1313305521644
0x4bf5f4c93af3dcb49622d6bc78dd8dff68cc1565,458.52786877680427,458.5756684485464,459.72639622633625,459.72639622633625,459.13908241950577
0x3e365cd509abb08e31be90a087ae8cc5dbad13ce,423.5553026324685,423.59945655594646,424.6624167059359,424.6624167059359,424.11989815007166
0xc3a8e613255d1ff15920656ae5fc6add02aaaede,56.398805915865935,56.40468526277809,56.54622447341471,56.54622447341471,56.47398503136836
0xdfa229da140ed15665545a3b0950b216a47ac50c,101.04553137555969,101.05606496263184,101.3096502029043,101.3096502029043,101.18022418600003
0x08c67c3deec3cc1ab75ddbc3bcff6855b2fff151,0.0,0.0,0.0,162.52999999999997,40.63249999999999
0x224234caa216a82d6be25edc0e75763295cac9fd,176.18224777048925,176.2006140556895,176.6427634216676,176.6427634216676,176.4170971673785
0x748a455144680ab918b6c313134e01a2cc831065,102.92209170965752,102.93282092053813,103.1911156021558,103.1911156021558,103.05928595862682
0x3b93c9e604d09e25b369a88666951f1bb984289e,5.3084879248456245,5.309041313194585,5.322363566713172,5.322363566713172,5.315564092866638
0x85c5489f74fe5000ff0701535d9ec8ef49dfe704,694.7997238648135,694.872153919754,696.6158327595697,696.6158327595697,695.7258858259268
0xe42dbc84900b1d08a2212a17c1a1ee1c8707b09f,113.49947371206675,113.5113055721472,113.79614539554422,113.79614539554422,113.65076751882559
0x1b312cc76b59a12d3223b26d6dfd72b89b506cae,5.322782997166878e-13,5.323337875719184e-13,5.336696004345754e-13,5.336696004345754e-13,5.329878220394393e-13
0x136e964cff1457d6f502c6a3e0cde417360d9c61,1.3306957492917194e-13,1.330834468929796e-13,1.3341740010864386e-13,1.3341740010864386e-13,1.3324695550985982e-13
0x3660581fd4bce34ae6d9d29f619e9561564f20ea,2890.2429244698383,2890.544220579524,2897.797613544754,2897.797613544754,2894.0955930347172
0x6c050cfed8075ae927c032244522fe370901371b,37.75896283878176,37.76289905760709,37.857659464460944,37.857659464460944,37.80929520632768
0xcefbbdd2b0f5a761e148eb4575e16895d405e266,565.1832474890815,565.2421655517419,566.6605571190028,566.6605571190028,565.9366318197073
0xf3b7b5833bd398db874a0cb528f67d752092e657,208.7284207557857,208.7501798475984,209.27400753209358,209.27400753209358,209.00665391689282
0x7f635413851bc57d7c5660fcfe68d67a68ec0a07,494.2391464010769,494.29066882876083,495.5310181147312,495.5310181147312,494.897962864825
0x7ad7100117ee2554605f500007bada9d936a6052,8220.030372910174,8220.88727775782,8241.516377815831,8241.516377815831,8230.987601574914
0xac50d181024482b0a28165dc5084152784dbe5b1,5.551407270514252,5.551985982220359,5.565917869433773,5.565917869433773,5.558807247900539
0x843604564aa6fb2a28c06e20b02c30483bc2bcdc,257.8131927173676,257.8400686976991,258.4870801937113,258.4870801937113,258.15685545062234
0x96f0f1ddafae2c6bd0635d28bdba6b959fb99eea,400.02977992873,400.0714814118235,401.07540158996915,401.07540158996915,400.56301613012295
0xcef567c96b26817c10ef6825e9bb0350bd09bfbb,1154.3569544633217,1154.477291496802,1157.3742814148397,1157.3742814148397,1155.8957021974509
0xfe6f78cb8a7ce764173659edc7d643df4c9f2763,70.07449501645394,70.08179999852236,70.25765990458463,70.25765990458463,70.16790370603638
0x18744edacc3d4255f8c97809444f38c6a2d6a686,15011.550265807558,15013.115159075574,15050.788349855962,15050.788349855962,15031.560531148763
0x7ab25d8c40b150edb016a99b2a701f789b36b80f,9.61739821695296,9.618400791734315,9.642536745145035,9.642536745145035,9.630218124744337
0x5b26d0c1fe42917602b33c31effdc96db66b0e65,47.550000000000004,47.5549568947628,47.674289021684274,47.674289021684274,47.61338373453284
0x0da46e79374f20235f62cb91f6edba35245a3a84,5194.240837182243,0.0,0.0,0.0,1298.5602092955608
0xad66c135fecd7fd61409da3a1c0c6253bd84d84d,7.682316357783937,7.683117208125054,7.702396853775064,7.702396853775064,7.692556818364779
0x71e4dc3a8a95a23838c2663630efb8d7bc74f846,874.8955909817635,874.9867953008578,877.1824451790086,877.1824451790086,876.0618191601595
0x1e23127d87e53083d735d6eeea219ee65052aaee,717.3968258646937,717.4716115759237,719.2720004103537,719.2720004103537,718.3531095653314
0xaffb3b889e48745ce16e90433a61f4bcb95692fd,1642.367910204467,1642.539120402,1646.6608292539934,1646.6608292539934,1644.5571722786133
0xf8012a1d217be60062abc4fb0ccfebb7855ff240,1522.9421345723783,1523.1008951168772,1526.922891417547,1526.922891417547,1524.9722031310876
0x1d5bb24126518677fabcd810d074e16a38e2276f,401.77328947732025,401.81517271421706,402.82346842764645,402.82346842764645,402.30884976170756
0x2fdd1fbb9793f4ac4e51ceb7a75660371796c19a,14.112156436951146,14.113627572058071,14.149043631849235,14.149043631849235,14.130967818176924
0x821a7c258a3b10843c1de868256537f4fa8b705d,599.8441989097648,599.9067302361176,601.4121073986288,601.4121073986288,600.643785985785
0xbde0ee0e7f34cf1bc9aead0f01d4d84a7f4e475e,19.22581434272074,19.22781855593685,19.27606792118005,19.27606792118005,19.251442185254422
0xaba29c439aa74c183c4a9f29a0f4cd5ba1dee4f6,45576.847861761555,45581.59906341184,45695.9793408823,45695.9793408823,45637.6014017345
0x2968bd1a20f99d64fd6db2e32af4ca68d197d3dd,9.126424471305743,9.127375864064206,9.150279663083115,9.150279663083115,9.138589915384046
0x69cd8d3a9bac2955e7074c566ab70d0c51aa52c2,1123.467654274799,1123.5847712239402,1126.4042409339736,1126.4042409339736,1124.9652268416717
0x73ee1d33ac12a967b542b2ad306e6d5e61fbfc22,473.87491699133545,473.9243165306469,475.11355946943365,475.11355946943365,474.5065881152125
0x3fe97bd7b1a5ac53069f2824c0118a4d66870d46,118.98555263542933,118.99795639700046,119.29656415870211,119.29656415870211,119.1441593374585
0xec653a34ec75d20d52ded3dc449d7e8fe10ceea3,92.49776901976652,92.50741153726021,92.7395451968316,92.7395451968316,92.62106773767249
0x4753c4e026ff98e56734b4cca8c2575d27ea041e,42.90679614552307,42.911269005104614,43.01894848446174,43.01894848446174,42.96399052988779
0x3d36c010f4140dbfcd06c7c6708eb12181d4e203,15.444990391180967,15.446600468825165,15.485361426841177,15.485361426841177,15.465578428422123
0x7edb7283df46fd0052e8b41d388de6867f9f4160,124.17182587857683,124.18477028811176,124.49639359170405,124.49639359170405,124.33734583752417
0x4fc4c02823392a14a23f53165865346f766c8335,69.85904830417645,69.8663308267984,70.04165004486039,70.04165004486039,69.95216980517391
0x7bcdb6b8a1b67329a39c2c9fe655cfff663d3a21,38.601185384867385,38.60520940197932,38.70208346199333,38.70208346199333,38.65264042770835
0x00ec579644930d5c387d075b9beaab5873aa9a3b,66.93330200228796,66.94027952771704,67.10825625305479,67.10825625305479,67.02252350902864
0x677ff235c09da3555d39862e3d96c63e58725dfa,95.51040358695577,95.52036015939181,95.76005436766015,95.76005436766015,95.63771812041696
0x7f1c6e55c5bec9a47a3a7f4c17d2d31d38ddc2aa,301.92214395985684,301.95361811956593,302.711326039722,302.711326039722,302.3246035397167
0x6842fc258f11f0213f9736435e675e2f85f9d9a9,4.804587921174784,4.805088779990849,4.817146439204625,4.817146439204625,4.81099239489372
0x7a45e23cbb7765900f02c54757498bef01c2b18f,49.38088653931523,49.386034296578515,49.50996124126841,49.50996124126841,49.44671082960764
0x7e2956f571ce4cef124adefcfaf0e8acef244593,2817.969793187869,2818.2635551165677,2825.335570448252,2825.335570448252,2821.726122300235
0xddcc367da087e7e711ae9955a9574d0313d0922d,81.7368849737857,81.74540571273533,81.95053371130227,81.95053371130227,81.8458395272814
0x5549f00a19a36802e7efd332894451d809718012,931.053296537815,931.1503550700863,933.4869390901306,933.4869390901306,932.2943824470406
0x5c88ddb07c2334988d1290ac45e1dac047f6f987,2250.9648279184503,2251.1994818777935,2256.84853383449,2256.84853383449,2253.965344366306
0x3e3c84072aa4b9082c0d24122fcf2f4ac5194d5f,601.2569431399035,601.3196217391159,602.8285443437676,602.8285443437676,602.0584133916386
0xda82a358d4332c87d11bdc96d37472c2e42f6bdd,130.7596054039741,130.77323656282192,131.1013926475384,131.1013926475384,130.93390681546822
0x9b5e1a606c6e0f3916c7c39985634d0472a953cc,64.02489197305275,64.0315663085251,64.19224404848435,64.19224404848435,64.11023659463663
0xde09e48ec3e1ef54861b824cd3a2067111b601a7,1012.8188413724789,1012.9244236313742,1015.4662075751621,1015.4662075751621,1014.1689200385443
0x46a616660920ccf12997d1545ccc7c41b00343a5,135.68429775949167,135.698442297556,136.0389574572087,136.0389574572087,135.8651637428663
0x95934b6def6f07c5e74ce17a6dcb1f6856a28a81,50.196629667946944,50.2018624631249,50.327836607868655,50.327836607868655,50.26354133670228
0xb3cb47dc3aa32f0f3c14d6cb16a072afc43a35de,294.0518546924579,294.082508406412,294.8204649415467,294.8204649415467,294.4438232454908
0xb2f4ca8157f8c090152c0ead53f1a6a1fc719a00,120.56646381727224,120.57903238242609,120.8816076203381,120.8816076203381,120.72717786009363
0x64c38e90820ea2053536e2f138c080c755ff0a88,15.555884584639903,15.557506222554276,15.596545482146917,15.596545482146917,15.576620442872002
0x4a51182454f744c4341ad9d766dc2d1344bb1843,181.46037072287444,181.47928723099838,181.93468264614705,181.93468264614705,181.70225581154173
0x664f804649553afeecbc139f8572a8ab36b01b5f,51.96078982955668,51.96620653128071,52.096608036367584,52.096608036367584,52.03005310839313
0xe65edfeea3b0eaf6ecd2ceff17fa2f886ef586e8,19.133999999999997,19.13599464194304,19.18401358866261,19.18401358866261,19.159505454817065
0x6049563306af27f901c692e028e712cad8ae8a6d,999.028862532082,999.1330072415789,1001.6401836668553,1001.6401836668553,1000.3605592768428
0x23b4483b7c551efa8955c7e35f8a5e38c6f1fe4a,4685.0705891852085,4685.558988803861,4697.3167056952325,4697.3167056952325,4691.315747344884
0x9c9c45ce02fe2d66bff2f2e6eb381d54c3a6616a,141.40799921438182,141.4227404251226,141.77761986381793,141.77761986381793,141.59649484178507
0xd7e4a3a90de5ed9d5fe47013fd144d18f9d30c8a,528.3186929465729,528.3737680288475,529.6996438084834,529.6996438084834,529.0229371480968
0x935ce66877edb57c1cdb3ca660c699fa3de73672,436.6035535303369,436.64906768108176,437.744773899047,437.744773899047,437.1855422523782
0x25a65fb64a42e55f2904b716450527348cd7dac1,1.6633696866146493e-14,1.663543086162245e-14,1.6677175013580482e-14,1.6677175013580482e-14,1.6655869438732478e-14
0x9bc9f6b350bcffd8533d899977963195b487d650,19.646462566749754,19.648510630838185,19.69781566058736,19.69781566058736,19.672651129690664
0x61ec1b16aa91610528018a5fbb988b137d3a8b8d,6175.922561111089,6176.5663760048565,6192.065555288131,6192.065555288131,6184.155011923051
0x5f0ad0c43b990d21c3dbd8fefce386d70eaa729a,1220.2564790291524,1220.3836858209543,1223.4460580824107,1223.4460580824107,1221.883070253732
0x12f3f2fd2054b27b0bfc4a3d924fccf0963ba632,200.19935148561473,200.22022145652738,200.72264447274353,200.72264447274353,200.46621547190728
0xb1cde2e5712f0061fa25171561a79f9e3b2a7c38,250.0186124554563,250.04467588238973,250.6721259937307,250.6721259937307,250.35188508132686
0x5d2d20de3306e56f614544436f05730af752a555,200.16161309456143,200.1824791313998,200.68480743883632,200.68480743883632,200.42842677590846
0xdac042b2a02fcc18b09b9597fd15faa169dd7e60,317.16336986035816,317.1964328560893,317.9923903641233,317.9923903641233,317.5861458611735
0x3cc04875e98edf01065a4b27e00bcfeddb76cba8,40.058184213165354,40.0623601164994,40.16289068059549,40.16289068059549,40.11158142271393
0xfdf62814c50576da1daacab0a4acb312ee734759,70.00202239964538,70.00931982673727,70.18499785453442,70.18499785453442,70.09533448386287
0x68e3cf61a8d76bcfca8ea495151416fec501a4c6,225.49731552472468,225.52082270584668,226.08673383679618,226.08673383679618,225.79790147604092
0xc22f47ebc79ec52b0aa5db9a47c6facffcc2ea42,11.828619999999999,11.829853085689361,11.859538351370665,11.859538351370665,11.844387447107673
0x442ed3e7d89d44180ea826675c5d6e5b350e0f4c,50.0,50.00521229733208,50.13069297758599,50.13069297758599,50.06664956312601
0x22483eeb5322608e4e99484f6ca661a6ef09d461,131.02266618344072,131.0363247653085,131.36514103093612,131.36514103093612,131.19731825265535
0xf7b80fb88571f63824d138cab71e21487777991d,410.57548909673415,410.6182899272628,411.64867576061164,411.64867576061164,411.1227826363051
0xf110c2e66ae01c71366f644261641e2e08edb9c5,97.11169057615908,97.12181407627317,97.36552689615523,97.36552689615523,97.24113961118569
0x6c23ebd82e31af395acbe4819a338c3b6b26b35f,732.8440895489747,732.9204855748303,734.7596410723636,734.7596410723636,733.8209643171331
0x8697cb1d4b8c981e9da72bb0cff452771ab10907,1741.0433716620814,1741.2248683765042,1745.5942145090587,1745.5942145090587,1743.3641672641756
0x71aef6e2aa95b8e4ac721495982923c6f536f37d,422.53762286320267,422.58167069768973,423.6420768646846,423.6420768646846,423.10086182256543
0x31ce6e06f1bf25b071eb5efb3501b3955b9aab21,415.11441159134023,415.1576855861411,416.1994623611348,416.1994623611348,415.66775547493774
0x38f3831fe71a2f6c9ea5c4532dd2e0c5c5763c43,17258.912,17260.711171619445,17304.024371983494,17304.024371983494,17281.91797889661
0xdf268751c64f91ef7fd10a31b655783e7b905934,536.2110121584798,536.266909983042,537.6125924343476,537.6125924343476,536.9257767525542
0x5d63c079d2bd3b90d4ae469ed4d01fb1ec623a46,11.359,11.360184129707903,11.388690830647986,11.388690830647986,11.37414144775097
0x253a7d6b33077450af8c5f51582f08cf5bdf2fb0,271.8384906223762,271.8668286831647,272.54903825761454,272.54903825761454,272.2008489551925
0xc095ee11a9c4fa28ed26e07c602b4dcf8daf3ac2,40.353004050310645,40.3572106874177,40.45848113538814,40.45848113538814,40.406794252126154
0xeeeddc27a9a2073bc563b5983d46d4b0aa867b8b,845.434955,845.5230881672078,847.6448032324846,847.6448032324846,846.5619124080442
0xe1c8bdcd7bf055981f0c4b531589d593bd37af65,42.35051482,42.35492968950817,42.46121311768251,42.46121311768251,42.4069676862183
0xc7353c166317a9648e0b9896edbbb2bcb122f9a5,557.8559348831159,557.9140891031374,559.3140919469937,559.3140919469937,558.5995519700602
0x851c0d62be4635d4777e8035e37e4ba8517c6132,705.1887548698468,705.2622679391592,707.0320192325288,707.0320192325288,706.1287653185159
0xc628face552d113e80931ef1348de32f12cf783f,312.8028465717829,312.83545500063593,313.6204692800997,313.6204692800997,313.2198100331546
0x07ea5535b50e1b30fb5e6eadc16baff71f4a0191,529.3363322941755,529.3915134612273,530.719943122415,530.719943122415,530.0419330000582
0x478da5afa514c47df2821719f3937974908b0757,81.87072972793591,81.87926441965864,82.08472831684155,82.08472831684155,81.97986269531941
0xfe99eca1dc96d86d71013bb01c780dbbe5a3a959,267.5611349701249,267.5890271339244,268.2605021984356,268.2605021984356,267.9177916252301
0x20c44184d76d2f646d39784b4964b33c8f188dc4,500.0372249109126,500.08935176477945,501.3442519874614,501.3442519874614,500.7037701626537
0xd98a3954353055ab642c9159c7f3b25dac2dc29b,272.0016718772207,272.0300269489937,272.71264604534076,272.71264604534076,272.36424772922396
0xb28af40c766044915d6f45313d2a8d94481f646f,1.8814215950000428,1.8816177255752458,1.8863393668069457,1.8863393668069457,1.883929513547295
0x995a09ed0b24ee13fbfcfbe60cad2fb6281b479f,1136.31069702161,1136.4291528059,1139.2808535907413,1139.2808535907413,1137.8253892522482
0x35fb6d02067f3b0b6d669e1d2cfbda824e50f46e,40.00297799287301,40.007148141182356,40.10754015899692,40.10754015899692,40.0563016130123
0xc3d6880fd95e06c816cb030fac45b3ffe3651cb0,2.8221323925000643,2.8224265883628683,2.8295090502104188,2.8295090502104188,2.8258942703209424
0x1f7081afb8085808b1ce3576d0ad3b7242e412cb,34.61098396,34.61459201478711,34.701452211018264,34.701452211018264,34.65712009920591
0x33c64ac9d5f0199cd2be91bf269adccb6a18cf0d,20.25357962396298,20.255690977543765,20.3065196365196,20.3065196365196,20.280577468636483
0x9850e1a48ea63e7e2543c717c6b267722fcff10d,209.65291340800115,209.67476887442555,210.20091667825858,210.20091667825858,209.93237890973597
0x5290f8e159c2c05a39fb05ac73338788531f7790,64.23029200387899,64.236987751472,64.39818096614307,64.39818096614307,64.31591042190928
0xa7818c675469c3a09fe6d26f6b17a33b3efb93c5,65.00335024198213,65.01012657776297,65.17325986990593,65.17325986990593,65.08999913988924
0x9b47a5962065186ef211e9e392e69961ede88d9a,1500.951737270588,1501.1082054053031,1504.8750143057232,1504.8750143057232,1502.9524928218343
0xe85955990108366b0d377d4fe2e85064825bdad2,150.34794124884132,150.3636144123024,150.74092965115602,150.74092965115602,150.54835374086394
0x58c6cd2b53d41d06bfb7d33624d2835c011e61be,16.01618013594512,16.017849757804974,16.05804418137553,16.05804418137553,16.037529564125286
0xe89069529689849588cd65344c034a35289f44ea,4493.9944754376875,4494.4629561459815,4505.741145822687,4505.741145822687,4499.984930807261
0x78d532030a3054111d72cee144ab96519a45dded,88.33992612868968,88.34913520791523,88.57083428839938,88.57083428839938,88.45768247835092
0x9aa8cc57ef8793975f60e23611af8804070a4f22,82.85310494677773,82.86174204713511,83.06967132653251,83.06967132653251,82.96354741174446
0x92f0629f31d4d159407d8f9346d19dc6593a8d50,486.77251742932185,486.82326149120036,488.0448724235192,488.0448724235192,487.4213809418902
0x2514e24c146744ce579bd02f80ac3f9b4a5e79fe,123.8954664959924,123.90838209618187,124.21931184450773,124.21931184450773,124.06061807029744
0x3bbacdd15eaa989a68cdbf0dd81c7c1f58e9fa6e,33282.735951476425,33286.20554179251,33369.73234875056,33369.73234875056,33327.10154769251
0xc29b58bd8434fc0824652817af94b2f84c02de75,289.1183705365365,289.1485099547645,289.8740853509411,289.8740853509411,289.5037627982958
0x2ba9e7bdc9515af90062bd3750a0471d0f71e707,107.08239189609392,107.09355480140576,107.36229022897253,107.36229022897253,107.22513178886119
0x1824db66ae6d644f0be2aec44eb0638b76e9a6a7,440.45159662510275,440.49751191874265,441.6028752380115,441.6028752380115,441.03871475496715
0xd91143e58b83babf8ea01de8db163ccf301961c0,848.9987798775776,849.0872845590835,851.2179434477591,851.2179434477591,850.130487833045
0x6c341e077367e42363dfe71f05a71349cb05b620,63.10878862270132,63.1153674581127,63.273746132640234,63.273746132640234,63.19291208652363
0xe0bff868219253510a275fdddd14b4bdf859ee83,25.28442993502873,25.287065734362603,25.3505198837242,25.3505198837242,25.318133859209933
0xa6679503f27039d00066ff868288297aff784c9c,23.30479413029422,23.30722356061962,23.365709589032548,23.365709589032548,23.33585921724473
0x44c11788d408d8e8c40ea93a159cc67dcf1331c6,66.24054808000001,66.24745338864065,66.41369156931007,66.41369156931007,66.3288461518152
0x6311d8658067644212b3042923bb7d06b5dddc6f,27.655535001284633,27.658417978710723,27.727822685605663,27.727822685605663,27.69239958780167
0x67c352fe12704d68c9b44dbffffc9c85e91ac195,4459.38,4459.844872289535,4471.036193007749,4471.036193007749,4465.324314576258
0xefcd425eed1f6f1a26a555752eee1e57d2010481,111.48052688749817,111.49214828055567,111.77192132753382,111.77192132753382,111.62912945578037
0x23589a9c7e1d1564cf4245a46aea8c2fbb1d1848,109.06075186902385,109.07212101034389,109.34582135701446,109.34582135701446,109.20612889834916
0x50d52d86458f73005858a9345cf4ce89e5a6f410,10.73693030304004,10.738049584503505,10.764995130868792,10.764995130868792,10.751242537320282
0xd61d7e3464358df90e228bf85cbebf69af138d56,207.3578424806721,207.37945869525507,207.89984675786425,207.89984675786425,207.6342486729139
0xe9e1e4b49420b05b513f2123657cf438eebfd7cd,327.59210095911135,327.6262511077881,328.4483807012713,328.4483807012713,328.0287783673605
0x67e0d532f78f081162a5d3c0a1b1896bcccee602,127.71931851805262,127.73263273931595,128.05315887870017,128.05315887870017,127.88956725369223
0x0779ea9435ee60d6195e24f2df9c295285ade49c,49.50000000000001,49.50516017435876,49.62938604781014,49.62938604781014,49.565983067494756
0x88cc3e896c4c178ab98333dcd29c33d2cc2102a8,67.328273997062,67.33529269672057,67.50426064915004,67.50426064915004,67.41802199802066
0xcb35051d69555cfd5e47a0dbcce65a6a4ecb9c67,55.91416248953824,55.91999131433763,56.060314257237934,56.060314257237934,55.98869557958793
0x7e1feb23c08bfe287f6d3350281029af0889502a,349.6829837560063,349.71943678967244,350.5970059631709,350.5970059631709,350.14910811800513
0x2a6d41f1a0f1f5441c109a56f34ba66d12d5f467,40.0445376839899,40.0487121647286,40.14920848130941,40.14920848130941,40.09791670283433
0x19db31938e8feec32d488ab299c032fa645a7a48,363.9703182238569,364.0082606542296,364.9216855166888,364.9216855166888,364.45548747786603
0x4d5f9230f4556749760aa2e3d6fc8402d97333d0,43.80052374989058,43.805089776952286,43.91501216726457,43.91501216726457,43.858909465343
0x305d1239e09103efed3f8a0e5e3770345ced81d6,479.154465664906,479.2044155757668,480.4069081417334,480.4069081417334,479.7931743810349
0x78789651b58179b2d90af90c8e5b4f5e4a4182ce,2500.700005635986,2500.96069347534,2507.236484231704,2507.236484231704,2504.0334168936834
0xa0b343ab316cbd95075a8d9797732733de845852,8.027601725953772,8.028438570894956,8.04858474940256,8.04858474940256,8.038302448913461
0x4a16de74a784215e03081c308edb582f0a4568c9,11.925715276510838,11.926958483989214,11.956887421297434,11.956887421297434,11.941612150773732
0xf3c8d744a34b74feca1b740b025ae124b42d56ea,6.653478746458597e-14,6.65417234464898e-14,6.670870005432193e-14,6.670870005432193e-14,6.662347775492991e-14
0xc9732b9c5955657497e67a6e3823d6b0d4dcdf91,43.15861979900827,43.16311891018496,43.27143036960895,43.27143036960895,43.21614986210278
0xe4f077bf767a57ae9aad77b0ab54cbde0bede65a,1797.75344343615,1797.940851945689,1802.4525184459126,1802.4525184459126,1800.149833068416
0x5b001c3a2711779797dbb1aaac461b0b14be7fbb,19.88678933784782,19.888862455028004,19.93877061211159,19.93877061211159,19.91329825427475
0xca3011718e04a07816737b68a9c3f37d1c0afd72,36.166000000000004,36.16977015890624,36.2605328445475,36.2605328445475,36.21420896200031
0xc71005ab62311fd6ee8255c8a38d1b441524b885,12.800602159999999,12.801936570889751,12.834061136223681,12.834061136223681,12.817665250834278
0x1333c53a798547126ca04647ba925485a6fa7aad,5078.8365340692535,0.0,0.0,0.0,1269.7091335173134
0x51f13c84b49b64ba6b1615e7d91b11066908bf3c,83.31803469670663,83.32672026410592,83.53581633752916,83.53581633752916,83.42909690896772
0x8133a5dcba30387e88b8dd3b782797ae00defcc0,900.0663204714712,900.1601487370889,902.4189674204168,902.4189674204168,901.2661010123484
0x845d13aed19b8541d336d94a9ce2c499e55c6d1e,51.48353305823822,51.48890000787834,51.618103782878784,51.618103782878784,51.55216015796854
0xf7119fb65454f143e5cf36ded849bffe60ffbf23,66.58396849200352,66.59090960083012,66.75800963403775,66.75800963403775,66.67272434022729
0xdc285e133052e2373af212bd98a33ec3fed250ba,27.133221520362575,27.136050048725398,27.204143950602504,27.204143950602504,27.169389867573244
0x53de8e90e24e8f6c4dee06939e4edfc8a073863a,536.4170408620976,536.4729601643169,537.8191596680603,537.8191596680603,537.1320800906337
0x5fd41ece257465e201398dd97acc444f4fa70260,10.832718693937784,10.833847960952735,10.861033899167026,10.861033899167026,10.847158613306142
0xddfd07cbb255fa8fffa6a7320dc70f7db4d96a29,53.79048556393971,53.79609300402763,53.93108633842266,53.93108633842266,53.862187811203164
0x2c0baf4c7b44bc6824f29cdecf2783115e7736a5,34.71092722016711,34.71454569363398,34.8016567088306,34.8016567088306,34.75719658286557
0x3db6c0c4e78d5949f3fc466ce3f09ab623abd1fd,18.156540020333882,18.158432766036036,18.203998665892215,18.203998665892215,18.180742529538588
0xe1c1129239d5eb389a4042bcf479ba7514476237,162.76601128775513,162.7829789846829,163.191458781055,163.191458781055,162.98297695863698
0xe9de27fdb18c9d70a95b955a594a597383008d3b,1000.0744498218252,1000.1787035295589,1002.6885039749228,1002.6885039749228,1001.4075403253074
0x0c1e99991dd2f7d374bff13f9f52284ce6cfdae5,28.309425653836286,28.312376796712453,28.38342251648527,28.38342251648527,28.34716187087982
0x170ce88506ee01d6aebb6ee267c550df7a6d4320,4207.054130059587,4207.492698399948,4218.050778682045,4218.050778682045,4212.662096455906
0x8fa7e79cce3375ce70d1d44ceb28f9a63b78b479,21.00156344625833,21.003752774120738,21.056458583473383,21.056458583473383,21.02955834683146
0xb34860f27167ed8110991e04e3e7177a58c74401,132.9702006313543,132.98406223579423,133.31776606036865,133.31776606036865,133.14744874697143
0x0c1d10b09255bf1a216960cdccf7a265fda931fe,39.256,39.260092278881366,39.358609670562316,39.358609670562316,39.3083279050015
0x1b88bc0b06f448a5b9f2906f32485ce47c3865a8,91.74114396975939,91.75070761215851,91.98094243521047,91.98094243521047,91.86343411308471
0x842f33ffe47fd5488b73ded9cc7477a33dfc5245,127.53949404588691,127.55278952117791,127.87286437062026,127.87286437062026,127.70950307707635
0x419345d8289a40460f00d6b74e828a85a4a07ace,51.71824792365628,51.72363934136972,51.85343215998974,51.85343215998974,51.78718789625137
0x0a251df99a88a20a93876205fb7f5faf2e85a481,50.196629667946944,50.2018624631249,50.327836607868655,50.327836607868655,50.26354133670228
0x629de110f3f3e64c4d217301e6de1faf960bc584,299.6310780112633,299.6623133366338,300.41427156651514,300.41427156651514,300.03048362023185
0xe20650cd876a297ab099968a6996ec542abebf10,169.24388955562264,169.26153254510268,169.68626931290783,169.68626931290783,169.46949018163525
0xe6ebb387590b36003b410d78881db2df821e6631,433.0558040379802,433.10094835022073,434.1877510877926,434.1877510877926,433.6330636409465
0x30397c8f2e6d6c67dac6e62092343b4765d7deb1,764.1454535568581,764.225112623036,766.142822449541,766.142822449541,765.1640527697441
0xc3f5785c9490c67db3b65e143f17a214925ac762,119.25975073621235,119.27218308182408,119.57147897480993,119.57147897480993,119.41872294191407
0x73cbc02516f5f4945ce2f2facf002b2c6aa359e7,337.2914306814389,337.32659194592435,338.1730631092388,338.1730631092388,337.7410372114602
0x78ee0339738fdcab5530d839f4cf2800de98deb4,1224.6036611759985,1224.7313211439184,1227.8046031528343,1227.8046031528343,1226.2360471563964
0x7e118158e813897565e56a2dbb430e3414453796,94.79016603625386,94.80004752684462,95.03793421715683,95.03793421715683,94.91652049935303
0x51a0f1f98ac1e0d2d79023d055eef09c4e3f65cd,1999.9473640876085,2000.1558504938114,2005.174945608166,2005.174945608166,2002.613276449438
0xf502aa3461bf04f0d9bc6f7f3d8dee12524de51c,2152.065818170245,2152.2901623086955,2157.691015964999,2157.691015964999,2154.934503102235
0x5b990b2173839fdcdf3d3b7485aa2b89575c79eb,85.36387953999999,85.37277837843165,85.58700873190749,85.58700873190749,85.47766884556165
0x44b3c9bb101842d793cd03acb156d19a1ae170a1,76.83505582490506,76.84306556803477,77.03589186947991,77.03589186947991,76.93747628297491
0xca4ad39f872e89ef23eabd5716363fc22513e147,228.25213386515205,228.27592822491977,228.84875288545592,228.84875288545592,228.55639196524592
0x7fed2b0fa3f705ae3ce8652a33b1b8a32b821636,258.48182523559177,258.5087709181531,259.1574604234298,259.1574604234298,258.82637925015115
0xd4444fa606568866272bad77f8a6781b5da59223,2798.7694178288507,2799.0611781962434,2806.085008004704,2806.085008004704,2802.5001530086256
0xed65acfcd30fe14f50ca4b4c3ad639f80cdba077,881.899867567747,881.9918020542847,884.2050299602495,884.2050299602495,883.0754323856327
0x985147809e9c0a677e9c9bed656c984be037d373,29.834220987084684,29.8373310836938,29.9122034505799,29.9122034505799,29.87398974298457
0xd19fde22262469669258d919bce0e968e5b08c7b,11.020820437036512,11.02196931289574,11.04962731380365,11.04962731380365,11.03551109438489
0x29ad70432fa2bb88482f80849b39131f9bd25f51,275.0,275.0286676353265,275.71881137672295,275.71881137672295,275.36657259719306
0x5379260f8ae6ebf44ec5fa869d64327dc6c35b00,2744.098282419407,2744.3843435425356,2751.2709699257666,2751.2709699257666,2747.756141453369
0x06864f65c07c3468724d7c770bba695e818f8d71,2684.3048710490075,2684.5846989513648,2691.3212669759273,2691.3212669759273,2687.8830259880565
0x19ad8298daac91be0da51876f4ab7bbdffd296d1,323.20331156962976,323.237004204802,324.0481196327235,324.0481196327235,323.6341387599697
0xd245026b6fdc76b8cd7d9bb2d3ba560f6d7dd439,2386.32267422344,2386.571438689607,2392.560186538945,2392.560186538945,2389.5036214977345
0x282742940ee0b7ed028bb48052bb4922282234da,3261.8251696935326,3262.1652017461265,3270.3511225693765,3270.3511225693765,3266.173154144603
0xa2f98df2d5666f83d730b5082684a5752c4f7b3d,5.28155480677539,5.282105387455962,5.295360049255012,5.295360049255012,5.288595073185345
0x87885aaeeded51c7e3858a782644f5d89759f245,101.19034126348114,101.20088994639714,101.45483860353448,101.45483860353448,101.32522710423682
0xa397ba8eb1e2a7cd9c75df7b928f16bdad669978,24.621423469996685,24.62399015359398,24.685780412910677,24.685780412910677,24.654243612353003
0x53f0a8420474a1e05383096b9f6560c115cdd7fd,169.84344224241195,169.86114773282935,170.28738914621425,170.28738914621425,170.06984206691746
0x22f5413c075ccd56d575a54763831c4c27a37bdb,19.243557986077096,19.245564048996105,19.293857943928078,19.293857943928078,19.26920948073234
0xd9e286e2ac1e697ae0d9f65228660c3da96d7b87,215.80623476919246,215.82873169442715,216.37032195726462,216.37032195726462,216.0939025945372
0x2e4ae4d3bd0af45040b4f17e0bb7e6dc548626b1,730.1564963463304,730.2326122014885,732.0650228785555,732.0650228785555,731.1297885762324
0x3c315dad747c210a522f118788e8d7c800116680,4619.340371397472,4619.821918907348,4631.4146783498945,4631.4146783498945,4625.497911751152
0xbad178cf8637189a4d9a88718d3d90afb4e82dc4,16.96459011699749,16.966358606753623,17.008933172915814,17.008933172915814,16.987203767395687
0x4788dec13319e96c90440509541989ddda7ed4e7,457.320562805833,457.3682366208213,458.5159345271209,458.5159345271209,457.930167120224
0xb6d844e2529bc79a444662aa55f72aca08fd8f54,84.42307889327661,84.43187965705424,84.6437489644274,84.6437489644274,84.5356141197964
0x0c1493759ae4218ef30aed436e6e9aeaa939ca28,366.26400000000007,366.3021815374007,367.22136265485113,367.22136265485113,366.7522267117758
0x9819540e5825c2b1b8276ed7887e9d4c3175fca5,47.14250949015101,47.14742390567988,47.2657333888739,47.2657333888739,47.205350043394674
0x145211ac1665a4350c4bbda58e0f7f431627a85c,196.28270282378298,196.30316449994822,196.7957582413963,196.7957582413963,196.54434595163093
0x6f59e5e7cea55dc812f32434727e494307e054a9,402.60649319200803,402.64846328701486,403.6588500198224,403.6588500198224,403.14316412966696
0xb5bd01971cba551f70c92ededfd0888543833631,189.82713154403007,189.84692025305614,190.32331300499203,190.32331300499203,190.08016945176757
0xe249b61e19310d37a80069950b68dbf845c43542,177.50698193274994,177.52548631611697,177.97096025297182,177.97096025297182,177.74359718870264
0x6edba919e83a54daca405b36d4044e544c6d6247,53.70123491317231,53.706833049241645,53.841602398989245,53.841602398989245,53.77281819009811
0x68c5158a5ea828bde628f7f6adb868860bc26957,346.8595937730714,346.895752479776,347.7662360353608,347.7662360353608,347.3219545808923
0x60ac0b2f9760b24ccd0c6b03d2b9f2e19c283ff9,107.68580291059278,107.69702871905706,107.96727847511525,107.96727847511525,107.82934714497009
0x98b6e7af98ba867d4c8d3e996b2f96e73a7adebe,34.002531293942056,34.006075920005,34.09140913514738,34.09140913514738,34.047856371060455
0x59cd4a6e15b7d7888777e233550abf1adae0ee1d,52.39514165414369,52.400603635284845,52.53209519562008,52.53209519562008,52.46498392016718
0x90faae2db20120d6b8bc60f1a8af79ab9d1eefc5,492.72676457913224,492.77812934714143,494.0146831391154,494.0146831391154,493.3835650511261
0xaf9b8e169e52faf91231c7ecce1bd15a87d2a95e,821.7627692259191,821.8484346637119,823.9107416895082,823.9107416895082,822.8581718171619
0xa89d714e8b3f736c1ae8c8b142f6a7fb3f4d77f7,118.90737,118.91976561134831,119.21817716484439,119.21817716484439,119.06587248525928
0x04095b785125eaac01773babe15fb313e9aebc40,327.46754916535264,327.50168633000976,483.14489107353444,483.14489107353444,405.3147544106078
0x7cae9ad3bb027ce598dbb5d88651da2ec67801b7,108.2452913981586,108.2565755310299,108.52822938700838,108.52822938700838,108.38958142580131
0x68aed1eb958601202a6e44a51c1ac7635800344a,237.5669599693566,237.59172536198932,238.1879266368455,238.1879266368455,237.88363465125923
0x3c9c6520d6b0c68629a8020dcfb8071ed85c6945,299.58405515975323,299.6152855831821,300.3671258038755,300.3671258038755,299.9833980876716
0x8fb51594a9ad60d52c69ec3f01e6514714782e14,259.200125712471,259.22714627494554,259.87763843687156,259.87763843687156,259.54563721528996
0xa0971b6a7e348c4bed0e65ff5c891230ccf045fc,31.967729814612078,31.971062320868583,32.0512889705348,32.0512889705348,32.010342519137566
0xd2eb6d19a50707b89a159849cd4c2faf75614b1e,725.2280027200997,725.3036047997742,727.1236468621843,727.1236468621843,726.1947253110606
0x525087f76e899acc5317d5d2c338cb3743196fab,254.4800466865113,254.50657519987953,255.14522178726494,255.14522178726494,254.8192663652302
0x27fdd09efb84b238454f00795bb1399c3ada7a02,548.6161956587379,548.6733866733972,550.0502013419887,550.0502013419887,549.3474962540281
